employee_id,industry,job_role,years_experience,work_hours_per_week,remote_work
E0001,Marketing,Content Creator,26,45,No
E0002,Manufacturing,Quality Inspector,19,36,Yes
E0003,IT,DevOps Engineer,28,46,Yes
E0004,Education,Teacher,24,50,No
E0005,Healthcare,Doctor,0,52,Yes
E0006,Healthcare,Technician,21,36,No
E0007,Education,Administrator,24,48,Yes
E0008,Finance,Auditor,34,44,Yes
E0009,Education,Professor,27,38,No
E0010,Healthcare,Nurse,27,47,Yes
E0011,Retail,Store Manager,22,43,No
E0012,Healthcare,Nurse,10,46,No
E0013,Healthcare,Nurse,8,39,No
E0014,Marketing,Content Creator,27,39,Yes
E0015,Education,Professor,19,37,No
E0016,Education,Administrator,3,49,Yes
E0017,Education,Teacher,24,41,Yes
E0018,Education,Teacher,28,49,No
E0019,Education,Administrator,25,36,Yes
E0020,Healthcare,Nurse,2,41,No
E0021,Manufacturing,Quality Inspector,32,43,No
E0022,Healthcare,Technician,3,49,No
E0023,Education,Teacher,31,46,Yes
E0024,Retail,Store Manager,0,51,Yes
E0025,Finance,Accountant,0,53,Yes
E0026,Retail,Sales Associate,0,38,Yes
E0027,Education,Administrator,8,54,Yes
E0028,Education,Professor,3,40,Yes
E0029,IT,DevOps Engineer,0,37,No
E0030,Education,Teacher,15,42,Yes
E0031,Marketing,Content Creator,17,44,Yes
E0032,Manufacturing,Quality Inspector,3,50,No
E0033,Manufacturing,Quality Inspector,7,37,Yes
E0034,Healthcare,Nurse,13,54,No
E0035,IT,DevOps Engineer,4,37,No
E0036,Marketing,Digital Marketer,27,37,No
E0037,Finance,Auditor,35,54,No
E0038,Finance,Accountant,2,53,Yes
E0039,Education,Teacher,17,36,Yes
E0040,Retail,Cashier,29,50,No
E0041,Retail,Sales Associate,1,48,Yes
E0042,Retail,Cashier,3,51,No
E0043,Education,Professor,28,35,No
E0044,IT,Data Analyst,17,42,No
E0045,IT,DevOps Engineer,22,44,No
E0046,Manufacturing,Quality Inspector,25,50,No
E0047,Manufacturing,Supervisor,27,47,Yes
E0048,Manufacturing,Machine Operator,6,48,No
E0049,Retail,Store Manager,9,53,No
E0050,Healthcare,Nurse,20,49,No
E0051,Healthcare,Technician,36,39,No
E0052,Education,Professor,0,42,No
E0053,Healthcare,Technician,11,53,Yes
E0054,Healthcare,Technician,21,43,Yes
E0055,Marketing,Digital Marketer,0,50,Yes
E0056,Manufacturing,Quality Inspector,0,37,Yes
E0057,Marketing,Content Creator,23,39,Yes
E0058,Retail,Store Manager,26,50,No
E0059,Education,Teacher,35,44,No
E0060,Education,Administrator,1,53,No
E0061,Marketing,SEO Specialist,31,50,No
E0062,Marketing,Content Creator,1,46,No
E0063,Marketing,SEO Specialist,31,46,No
E0064,Education,Administrator,0,46,No
E0065,Finance,Accountant,0,44,Yes
E0066,Finance,Auditor,31,47,Yes
E0067,Marketing,SEO Specialist,25,44,No
E0068,Manufacturing,Machine Operator,6,41,No
E0069,Education,Professor,27,37,Yes
E0070,Retail,Cashier,29,47,Yes
E0071,IT,Data Analyst,18,46,Yes
E0072,Finance,Investment Analyst,3,49,Yes
E0073,IT,Software Engineer,2,50,Yes
E0074,Education,Teacher,12,45,No
E0075,Retail,Cashier,11,40,Yes
E0076,IT,Software Engineer,11,39,No
E0077,Manufacturing,Machine Operator,34,54,No
E0078,Manufacturing,Machine Operator,6,53,Yes
E0079,Marketing,SEO Specialist,25,47,Yes
E0080,Education,Professor,26,43,No
E0081,Marketing,SEO Specialist,0,51,Yes
E0082,Marketing,Content Creator,28,49,No
E0083,Manufacturing,Machine Operator,11,53,No
E0084,IT,Software Engineer,17,37,Yes
E0085,Healthcare,Nurse,7,42,No
E0086,Marketing,Digital Marketer,24,39,Yes
E0087,Retail,Store Manager,33,54,Yes
E0088,Retail,Sales Associate,23,52,No
E0089,Healthcare,Nurse,4,47,Yes
E0090,IT,Data Analyst,32,51,No
E0091,Marketing,Content Creator,31,50,No
E0092,IT,Software Engineer,2,37,No
E0093,Education,Teacher,18,51,Yes
E0094,Retail,Sales Associate,13,38,Yes
E0095,Education,Administrator,0,42,No
E0096,Marketing,Digital Marketer,24,52,No
E0097,Finance,Accountant,0,49,Yes
E0098,Healthcare,Doctor,10,41,No
E0099,Retail,Store Manager,32,53,Yes
E0100,Education,Teacher,30,44,No
E0101,Retail,Store Manager,12,51,No
E0102,Healthcare,Nurse,15,45,Yes
E0103,Manufacturing,Supervisor,8,45,Yes
E0104,Manufacturing,Machine Operator,12,52,Yes
E0105,Retail,Cashier,14,40,No
E0106,Finance,Accountant,4,48,No
E0107,Retail,Cashier,26,49,Yes
E0108,Retail,Cashier,15,54,No
E0109,Marketing,Digital Marketer,20,47,No
E0110,Manufacturing,Machine Operator,11,45,Yes
E0111,Marketing,Digital Marketer,16,39,No
E0112,Manufacturing,Supervisor,9,46,No
E0113,IT,Software Engineer,12,47,No
E0114,Education,Professor,34,53,No
E0115,IT,Software Engineer,33,47,Yes
E0116,IT,Software Engineer,36,40,Yes
E0117,Education,Administrator,1,37,No
E0118,IT,Software Engineer,26,54,No
E0119,Marketing,Content Creator,7,40,Yes
E0120,Finance,Investment Analyst,0,39,No
E0121,Finance,Accountant,22,49,Yes
E0122,Healthcare,Nurse,21,45,No
E0123,Manufacturing,Quality Inspector,31,46,No
E0124,Marketing,Digital Marketer,11,51,Yes
E0125,Finance,Investment Analyst,8,46,No
E0126,Finance,Auditor,9,37,Yes
E0127,Manufacturing,Supervisor,0,39,No
E0128,Finance,Investment Analyst,27,48,No
E0129,IT,Data Analyst,3,42,No
E0130,Finance,Accountant,11,49,No
E0131,Finance,Investment Analyst,24,42,Yes
E0132,Retail,Cashier,3,49,No
E0133,Finance,Investment Analyst,28,40,No
E0134,Manufacturing,Quality Inspector,28,38,Yes
E0135,Education,Teacher,0,49,No
E0136,Finance,Accountant,20,49,No
E0137,Retail,Cashier,7,38,Yes
E0138,Manufacturing,Machine Operator,23,40,Yes
E0139,Manufacturing,Machine Operator,6,42,Yes
E0140,IT,DevOps Engineer,17,46,Yes
E0141,IT,Software Engineer,32,44,No
E0142,Healthcare,Doctor,26,42,No
E0143,Manufacturing,Machine Operator,19,48,Yes
E0144,Finance,Investment Analyst,22,49,Yes
E0145,Manufacturing,Quality Inspector,7,54,Yes
E0146,IT,Data Analyst,23,36,No
E0147,Education,Administrator,14,41,No
E0148,Marketing,Content Creator,1,45,No
E0149,Marketing,SEO Specialist,22,54,Yes
E0150,Healthcare,Doctor,16,35,Yes
E0151,Manufacturing,Machine Operator,27,51,Yes
E0152,Retail,Cashier,26,52,No
E0153,Retail,Sales Associate,27,38,Yes
E0154,IT,Data Analyst,3,44,No
E0155,Marketing,SEO Specialist,30,42,Yes
E0156,Retail,Sales Associate,0,49,Yes
E0157,Marketing,Content Creator,0,37,Yes
E0158,IT,DevOps Engineer,29,48,No
E0159,Healthcare,Technician,16,53,Yes
E0160,Healthcare,Nurse,25,45,Yes
E0161,Finance,Accountant,0,40,Yes
E0162,IT,DevOps Engineer,7,46,Yes
E0163,IT,DevOps Engineer,7,51,No
E0164,Education,Administrator,7,48,Yes
E0165,Finance,Auditor,24,40,Yes
E0166,IT,Data Analyst,19,39,No
E0167,Retail,Sales Associate,36,40,Yes
E0168,IT,Software Engineer,30,47,No
E0169,Manufacturing,Quality Inspector,21,36,Yes
E0170,Education,Teacher,0,45,Yes
E0171,Retail,Cashier,35,36,No
E0172,Healthcare,Nurse,19,54,No
E0173,Education,Professor,31,45,Yes
E0174,Education,Professor,7,35,Yes
E0175,IT,Data Analyst,22,53,No
E0176,Retail,Cashier,36,51,No
E0177,Finance,Accountant,15,50,No
E0178,Retail,Cashier,3,40,No
E0179,Manufacturing,Supervisor,17,49,No
E0180,Manufacturing,Machine Operator,15,41,No
E0181,IT,Data Analyst,10,52,No
E0182,Finance,Auditor,18,37,No
E0183,Retail,Cashier,14,39,No
E0184,Marketing,SEO Specialist,22,47,Yes
E0185,Marketing,SEO Specialist,28,37,No
E0186,Finance,Investment Analyst,31,37,No
E0187,Education,Teacher,28,50,Yes
E0188,Healthcare,Nurse,9,51,No
E0189,IT,DevOps Engineer,12,50,Yes
E0190,Finance,Investment Analyst,14,46,No
E0191,Manufacturing,Supervisor,32,48,No
E0192,Retail,Store Manager,11,42,Yes
E0193,Finance,Accountant,24,36,Yes
E0194,Retail,Store Manager,25,39,Yes
E0195,Marketing,Digital Marketer,22,44,No
E0196,IT,Data Analyst,17,49,No
E0197,Retail,Sales Associate,5,37,No
E0198,Retail,Store Manager,23,44,Yes
E0199,Marketing,Content Creator,14,49,Yes
E0200,Retail,Store Manager,5,39,No
E0201,Education,Administrator,9,47,Yes
E0202,Healthcare,Doctor,26,42,No
E0203,Marketing,SEO Specialist,8,35,Yes
E0204,IT,Software Engineer,10,40,Yes
E0205,Finance,Investment Analyst,2,44,Yes
E0206,Healthcare,Technician,29,38,Yes
E0207,Retail,Store Manager,9,51,Yes
E0208,Healthcare,Nurse,15,50,Yes
E0209,Education,Administrator,17,49,Yes
E0210,Education,Professor,32,52,No
E0211,Healthcare,Doctor,26,35,No
E0212,Marketing,Content Creator,23,46,Yes
E0213,Healthcare,Technician,31,40,No
E0214,IT,Data Analyst,12,48,No
E0215,Finance,Auditor,25,49,No
E0216,Education,Teacher,24,48,Yes
E0217,IT,DevOps Engineer,19,49,Yes
E0218,Healthcare,Nurse,17,40,No
E0219,Healthcare,Technician,29,46,Yes
E0220,Finance,Accountant,11,51,No
E0221,Finance,Auditor,5,46,No
E0222,Retail,Sales Associate,20,48,Yes
E0223,Finance,Investment Analyst,13,36,Yes
E0224,Finance,Auditor,12,40,Yes
E0225,Healthcare,Doctor,24,53,Yes
E0226,Finance,Investment Analyst,13,54,No
E0227,Finance,Auditor,8,43,Yes
E0228,Manufacturing,Supervisor,29,36,Yes
E0229,Finance,Investment Analyst,24,46,Yes
E0230,Healthcare,Doctor,6,41,No
E0231,Retail,Cashier,31,54,Yes
E0232,Finance,Auditor,4,37,No
E0233,Manufacturing,Supervisor,11,47,No
E0234,IT,DevOps Engineer,15,53,No
E0235,Marketing,SEO Specialist,16,43,Yes
E0236,Retail,Store Manager,0,49,No
E0237,Education,Professor,3,54,Yes
E0238,Healthcare,Nurse,0,52,No
E0239,Education,Teacher,31,38,Yes
E0240,Education,Teacher,13,53,Yes
E0241,IT,DevOps Engineer,9,35,Yes
E0242,Marketing,Digital Marketer,22,48,Yes
E0243,Manufacturing,Supervisor,0,49,No
E0244,Finance,Investment Analyst,21,36,No
E0245,Marketing,Content Creator,32,47,No
E0246,Marketing,SEO Specialist,28,44,No
E0247,Education,Professor,6,45,Yes
E0248,Manufacturing,Machine Operator,0,45,Yes
E0249,Marketing,SEO Specialist,33,49,Yes
E0250,Education,Administrator,18,35,No
E0251,Finance,Accountant,30,53,No
E0252,Education,Professor,10,45,Yes
E0253,Retail,Sales Associate,33,49,No
E0254,Education,Professor,19,47,No
E0255,Manufacturing,Machine Operator,14,35,No
E0256,Finance,Auditor,3,36,Yes
E0257,Finance,Accountant,23,42,Yes
E0258,Marketing,Content Creator,9,35,No
E0259,Healthcare,Technician,26,36,Yes
E0260,IT,DevOps Engineer,5,43,No
E0261,Manufacturing,Quality Inspector,12,48,Yes
E0262,Retail,Store Manager,35,53,No
E0263,Retail,Store Manager,10,49,Yes
E0264,Healthcare,Doctor,10,35,No
E0265,Finance,Auditor,31,42,No
E0266,Education,Teacher,12,42,No
E0267,Education,Teacher,2,39,No
E0268,Retail,Cashier,33,40,Yes
E0269,Manufacturing,Supervisor,18,38,No
E0270,IT,Data Analyst,11,48,No
E0271,Marketing,Digital Marketer,0,42,Yes
E0272,IT,DevOps Engineer,34,45,No
E0273,IT,Software Engineer,27,51,Yes
E0274,Education,Administrator,32,47,No
E0275,Manufacturing,Machine Operator,8,49,Yes
E0276,IT,Data Analyst,22,51,No
E0277,Healthcare,Doctor,22,52,Yes
E0278,Manufacturing,Machine Operator,34,51,Yes
E0279,IT,Data Analyst,33,39,No
E0280,IT,Software Engineer,31,48,Yes
E0281,Manufacturing,Machine Operator,23,37,No
E0282,Education,Professor,7,44,Yes
E0283,Education,Professor,31,40,No
E0284,Retail,Cashier,0,46,No
E0285,Manufacturing,Quality Inspector,27,46,Yes
E0286,Education,Administrator,1,54,No
E0287,Marketing,Digital Marketer,31,50,Yes
E0288,Education,Teacher,29,54,No
E0289,IT,Software Engineer,11,39,No
E0290,Manufacturing,Machine Operator,0,52,No
E0291,Healthcare,Nurse,31,48,Yes
E0292,Finance,Auditor,31,43,Yes
E0293,IT,DevOps Engineer,8,52,No
E0294,Finance,Auditor,3,54,Yes
E0295,Healthcare,Nurse,11,44,No
E0296,Marketing,Digital Marketer,11,37,No
E0297,Finance,Accountant,25,44,Yes
E0298,Manufacturing,Supervisor,1,48,Yes
E0299,IT,Data Analyst,11,47,No
E0300,IT,Data Analyst,29,46,No
E0301,Marketing,SEO Specialist,9,45,No
E0302,Retail,Store Manager,0,36,No
E0303,Retail,Store Manager,23,49,Yes
E0304,Finance,Investment Analyst,20,48,No
E0305,Healthcare,Doctor,3,51,No
E0306,Retail,Store Manager,25,39,Yes
E0307,Marketing,Content Creator,32,39,No
E0308,Manufacturing,Supervisor,0,44,Yes
E0309,Finance,Accountant,4,52,Yes
E0310,Education,Professor,28,54,No
E0311,IT,Software Engineer,22,42,No
E0312,Finance,Accountant,25,47,No
E0313,Manufacturing,Supervisor,16,44,No
E0314,IT,Software Engineer,17,51,Yes
E0315,Healthcare,Doctor,18,39,Yes
E0316,Education,Administrator,7,37,No
E0317,Retail,Store Manager,1,38,No
E0318,Retail,Store Manager,12,39,No
E0319,Education,Teacher,30,51,No
E0320,Marketing,SEO Specialist,7,51,No
E0321,Finance,Auditor,3,52,No
E0322,Marketing,Digital Marketer,17,47,No
E0323,Education,Teacher,28,52,Yes
E0324,Manufacturing,Machine Operator,8,52,Yes
E0325,Marketing,Digital Marketer,26,51,No
E0326,Manufacturing,Supervisor,33,49,No
E0327,Retail,Store Manager,16,41,No
E0328,IT,Software Engineer,29,47,No
E0329,Finance,Investment Analyst,0,53,Yes
E0330,Education,Teacher,20,35,Yes
E0331,Marketing,Digital Marketer,14,39,Yes
E0332,Finance,Investment Analyst,6,35,No
E0333,Healthcare,Doctor,33,41,No
E0334,Education,Administrator,25,38,Yes
E0335,Marketing,Digital Marketer,24,36,Yes
E0336,Finance,Accountant,17,53,No
E0337,Retail,Store Manager,0,39,No
E0338,Retail,Sales Associate,16,47,No
E0339,Finance,Accountant,13,50,No
E0340,Finance,Investment Analyst,2,53,Yes
E0341,Retail,Store Manager,14,38,Yes
E0342,Healthcare,Nurse,35,49,Yes
E0343,Manufacturing,Machine Operator,32,49,No
E0344,Healthcare,Nurse,10,39,Yes
E0345,Healthcare,Technician,8,47,Yes
E0346,Healthcare,Nurse,14,37,No
E0347,Healthcare,Doctor,23,44,Yes
E0348,IT,Data Analyst,34,37,Yes
E0349,Finance,Auditor,23,46,No
E0350,Retail,Sales Associate,27,46,No
E0351,IT,Data Analyst,26,44,No
E0352,Marketing,Digital Marketer,29,47,No
E0353,Marketing,SEO Specialist,18,52,Yes
E0354,Finance,Accountant,25,50,No
E0355,Manufacturing,Supervisor,19,39,Yes
E0356,Retail,Cashier,19,51,Yes
E0357,Healthcare,Technician,20,35,No
E0358,Retail,Store Manager,2,51,No
E0359,Retail,Sales Associate,30,51,No
E0360,Retail,Sales Associate,32,50,Yes
E0361,Retail,Store Manager,0,41,No
E0362,Retail,Sales Associate,8,51,No
E0363,IT,DevOps Engineer,17,49,No
E0364,Manufacturing,Supervisor,11,42,No
E0365,Finance,Investment Analyst,26,37,No
E0366,Education,Administrator,31,52,Yes
E0367,Retail,Cashier,14,43,Yes
E0368,IT,Data Analyst,32,50,Yes
E0369,IT,Software Engineer,16,41,No
E0370,Education,Professor,0,35,No
E0371,Healthcare,Nurse,3,40,No
E0372,Retail,Sales Associate,18,35,No
E0373,Marketing,Content Creator,16,39,No
E0374,Retail,Store Manager,2,39,Yes
E0375,Education,Administrator,23,53,Yes
E0376,Healthcare,Doctor,9,36,Yes
E0377,Finance,Auditor,0,35,Yes
E0378,Healthcare,Nurse,31,45,No
E0379,Finance,Auditor,22,37,No
E0380,Finance,Auditor,15,49,Yes
E0381,Marketing,Digital Marketer,5,37,No
E0382,Education,Administrator,20,54,No
E0383,Education,Administrator,32,47,Yes
E0384,Retail,Store Manager,15,36,Yes
E0385,Retail,Sales Associate,34,48,Yes
E0386,Education,Administrator,19,40,Yes
E0387,Education,Administrator,21,53,Yes
E0388,Retail,Sales Associate,24,53,No
E0389,Marketing,Content Creator,9,43,No
E0390,Finance,Investment Analyst,22,38,No
E0391,Healthcare,Technician,0,43,No
E0392,Retail,Store Manager,11,37,Yes
E0393,Healthcare,Nurse,16,46,Yes
E0394,Finance,Accountant,4,35,No
E0395,IT,Software Engineer,19,43,Yes
E0396,Finance,Auditor,22,40,No
E0397,Retail,Cashier,26,38,Yes
E0398,Retail,Sales Associate,7,36,Yes
E0399,Retail,Cashier,0,42,Yes
E0400,IT,DevOps Engineer,0,48,No
E0401,Finance,Auditor,19,51,Yes
E0402,Manufacturing,Supervisor,5,44,Yes
E0403,IT,Software Engineer,4,53,No
E0404,Finance,Investment Analyst,10,47,Yes
E0405,Manufacturing,Quality Inspector,15,50,Yes
E0406,Manufacturing,Quality Inspector,22,48,Yes
E0407,Healthcare,Nurse,25,52,No
E0408,Healthcare,Doctor,3,42,No
E0409,Manufacturing,Supervisor,29,36,Yes
E0410,Finance,Accountant,28,48,No
E0411,Retail,Sales Associate,8,36,Yes
E0412,Finance,Accountant,35,43,No
E0413,Education,Professor,9,39,Yes
E0414,IT,DevOps Engineer,30,45,Yes
E0415,Healthcare,Doctor,33,46,Yes
E0416,Finance,Investment Analyst,29,42,Yes
E0417,Education,Administrator,30,41,No
E0418,Manufacturing,Quality Inspector,23,35,Yes
E0419,IT,Data Analyst,17,49,Yes
E0420,Finance,Accountant,24,36,No
E0421,Education,Professor,11,39,No
E0422,Healthcare,Doctor,21,45,No
E0423,Manufacturing,Quality Inspector,3,44,Yes
E0424,Manufacturing,Supervisor,34,43,No
E0425,Education,Professor,24,47,No
E0426,Healthcare,Doctor,0,47,No
E0427,Education,Teacher,20,53,No
E0428,IT,Software Engineer,17,35,No
E0429,Retail,Store Manager,19,38,Yes
E0430,Manufacturing,Quality Inspector,14,53,No
E0431,Finance,Accountant,17,53,Yes
E0432,Finance,Auditor,22,45,No
E0433,Retail,Store Manager,23,46,Yes
E0434,Education,Administrator,14,38,Yes
E0435,Healthcare,Doctor,10,53,Yes
E0436,Healthcare,Technician,14,53,No
E0437,Finance,Auditor,0,54,Yes
E0438,Retail,Cashier,16,40,No
E0439,Education,Professor,0,50,No
E0440,Retail,Store Manager,27,44,Yes
E0441,Manufacturing,Supervisor,17,49,No
E0442,Finance,Accountant,17,41,No
E0443,Healthcare,Technician,0,47,Yes
E0444,Finance,Accountant,8,43,Yes
E0445,Healthcare,Technician,10,42,No
E0446,Finance,Investment Analyst,10,53,Yes
E0447,Finance,Accountant,36,50,No
E0448,Finance,Investment Analyst,0,36,Yes
E0449,Healthcare,Technician,0,43,No
E0450,Retail,Sales Associate,8,51,No
E0451,Finance,Auditor,21,54,Yes
E0452,Marketing,SEO Specialist,12,38,No
E0453,Manufacturing,Quality Inspector,21,52,No
E0454,Retail,Cashier,10,51,No
E0455,Finance,Investment Analyst,27,52,No
E0456,IT,Data Analyst,1,45,Yes
E0457,IT,Data Analyst,0,38,No
E0458,Education,Administrator,15,46,Yes
E0459,Retail,Store Manager,36,44,Yes
E0460,Healthcare,Doctor,18,46,Yes
E0461,IT,Software Engineer,13,53,Yes
E0462,Manufacturing,Supervisor,7,43,Yes
E0463,Education,Teacher,15,47,Yes
E0464,Retail,Store Manager,32,40,Yes
E0465,Manufacturing,Machine Operator,21,36,No
E0466,Manufacturing,Supervisor,20,46,No
E0467,Manufacturing,Machine Operator,27,47,Yes
E0468,IT,Data Analyst,5,47,No
E0469,Finance,Investment Analyst,36,37,Yes
E0470,Finance,Auditor,2,38,Yes
E0471,Finance,Accountant,25,51,No
E0472,Healthcare,Technician,9,43,Yes
E0473,Finance,Auditor,32,54,No
E0474,Manufacturing,Machine Operator,9,49,Yes
E0475,Education,Professor,6,42,No
E0476,Finance,Investment Analyst,19,36,Yes
E0477,IT,Data Analyst,23,38,Yes
E0478,Education,Administrator,4,49,No
E0479,Manufacturing,Supervisor,21,44,No
E0480,Retail,Cashier,16,45,No
E0481,Manufacturing,Quality Inspector,0,49,No
E0482,Education,Professor,25,45,Yes
E0483,Finance,Accountant,31,48,Yes
E0484,Healthcare,Technician,4,37,No
E0485,Education,Administrator,1,35,No
E0486,Finance,Investment Analyst,6,40,No
E0487,Education,Administrator,12,46,Yes
E0488,Marketing,Digital Marketer,36,52,Yes
E0489,IT,Data Analyst,2,36,No
E0490,Retail,Cashier,14,42,No
E0491,Retail,Store Manager,28,54,Yes
E0492,Healthcare,Nurse,17,39,Yes
E0493,Healthcare,Technician,26,42,No
E0494,Retail,Sales Associate,5,37,Yes
E0495,Manufacturing,Quality Inspector,8,36,Yes
E0496,IT,Software Engineer,0,37,Yes
E0497,Healthcare,Nurse,25,54,No
E0498,Marketing,Digital Marketer,25,47,No
E0499,Retail,Cashier,21,35,Yes
E0500,Marketing,Content Creator,20,39,Yes
E0501,Manufacturing,Supervisor,18,41,No
E0502,Manufacturing,Machine Operator,5,44,No
E0503,Finance,Accountant,13,50,Yes
E0504,Healthcare,Technician,27,39,Yes
E0505,Marketing,Content Creator,0,44,Yes
E0506,Manufacturing,Quality Inspector,1,47,No
E0507,Marketing,Digital Marketer,26,40,No
E0508,Manufacturing,Supervisor,5,49,Yes
E0509,Marketing,Content Creator,24,43,No
E0510,Healthcare,Nurse,11,50,No
E0511,Retail,Sales Associate,13,41,Yes
E0512,Retail,Store Manager,16,44,No
E0513,Finance,Investment Analyst,29,45,Yes
E0514,Manufacturing,Supervisor,21,39,Yes
E0515,Manufacturing,Machine Operator,0,36,Yes
E0516,Manufacturing,Supervisor,29,41,Yes
E0517,Finance,Investment Analyst,15,40,Yes
E0518,IT,Data Analyst,16,46,Yes
E0519,Retail,Sales Associate,0,38,No
E0520,Healthcare,Doctor,16,35,Yes
E0521,Healthcare,Technician,29,53,Yes
E0522,Education,Teacher,32,50,Yes
E0523,Finance,Auditor,10,44,Yes
E0524,Retail,Sales Associate,16,39,Yes
E0525,IT,Software Engineer,11,52,Yes
E0526,IT,Data Analyst,12,39,No
E0527,Manufacturing,Quality Inspector,11,39,No
E0528,IT,Data Analyst,31,49,No
E0529,IT,DevOps Engineer,3,48,Yes
E0530,Marketing,Content Creator,14,44,No
E0531,Healthcare,Technician,6,40,No
E0532,Marketing,Content Creator,1,54,No
E0533,Retail,Cashier,26,37,Yes
E0534,Healthcare,Technician,22,41,Yes
E0535,Manufacturing,Supervisor,25,53,No
E0536,Healthcare,Nurse,33,40,Yes
E0537,Education,Professor,25,43,Yes
E0538,Retail,Sales Associate,33,53,No
E0539,Finance,Accountant,23,50,No
E0540,Healthcare,Nurse,18,51,Yes
E0541,Retail,Store Manager,3,47,Yes
E0542,Marketing,Content Creator,31,54,Yes
E0543,Finance,Investment Analyst,20,53,Yes
E0544,Retail,Cashier,14,41,No
E0545,Finance,Investment Analyst,19,48,Yes
E0546,IT,Data Analyst,31,35,No
E0547,Healthcare,Doctor,14,40,Yes
E0548,Education,Administrator,15,37,Yes
E0549,Finance,Accountant,37,53,Yes
E0550,Marketing,SEO Specialist,16,51,Yes
E0551,Manufacturing,Machine Operator,27,36,Yes
E0552,Finance,Investment Analyst,36,39,No
E0553,Education,Administrator,26,47,No
E0554,Finance,Investment Analyst,17,49,No
E0555,Education,Teacher,1,39,Yes
E0556,Education,Professor,6,49,No
E0557,Retail,Store Manager,16,44,Yes
E0558,Healthcare,Doctor,20,47,Yes
E0559,Education,Professor,27,41,No
E0560,IT,Software Engineer,16,41,Yes
E0561,IT,DevOps Engineer,3,37,No
E0562,Retail,Store Manager,21,54,Yes
E0563,Manufacturing,Machine Operator,18,39,No
E0564,Finance,Accountant,17,44,Yes
E0565,IT,DevOps Engineer,12,45,Yes
E0566,Healthcare,Technician,15,49,No
E0567,Education,Teacher,30,52,No
E0568,Healthcare,Nurse,12,50,No
E0569,Education,Administrator,27,51,Yes
E0570,Finance,Investment Analyst,5,37,No
E0571,Marketing,SEO Specialist,24,43,Yes
E0572,Manufacturing,Machine Operator,28,43,Yes
E0573,Marketing,SEO Specialist,9,49,No
E0574,Manufacturing,Supervisor,6,53,No
E0575,Finance,Auditor,28,54,No
E0576,IT,Software Engineer,16,44,No
E0577,Manufacturing,Quality Inspector,0,38,No
E0578,Marketing,Digital Marketer,9,51,No
E0579,Manufacturing,Machine Operator,24,38,Yes
E0580,Finance,Investment Analyst,32,51,No
E0581,IT,Software Engineer,34,43,No
E0582,Retail,Store Manager,23,37,Yes
E0583,Marketing,Digital Marketer,22,44,Yes
E0584,Healthcare,Doctor,10,42,Yes
E0585,Marketing,Digital Marketer,0,51,No
E0586,Manufacturing,Machine Operator,0,51,Yes
E0587,Finance,Accountant,37,35,Yes
E0588,Retail,Sales Associate,28,38,Yes
E0589,Retail,Store Manager,20,40,Yes
E0590,Marketing,SEO Specialist,33,39,No
E0591,Education,Professor,17,48,Yes
E0592,IT,Software Engineer,5,41,No
E0593,Healthcare,Nurse,36,40,Yes
E0594,Education,Teacher,16,44,No
E0595,Manufacturing,Machine Operator,24,37,No
E0596,IT,Software Engineer,8,50,No
E0597,Finance,Investment Analyst,33,49,No
E0598,Marketing,Content Creator,32,53,No
E0599,Healthcare,Doctor,0,44,No
E0600,Finance,Accountant,21,36,Yes
E0601,Retail,Store Manager,23,46,No
E0602,Manufacturing,Quality Inspector,3,45,No
E0603,Manufacturing,Machine Operator,15,45,No
E0604,Finance,Auditor,4,44,No
E0605,Marketing,Digital Marketer,18,42,No
E0606,Marketing,Digital Marketer,20,52,Yes
E0607,Marketing,Digital Marketer,30,40,Yes
E0608,Education,Teacher,26,51,No
E0609,Education,Professor,0,42,Yes
E0610,Finance,Auditor,18,51,Yes
E0611,IT,DevOps Engineer,13,50,Yes
E0612,Healthcare,Doctor,22,51,Yes
E0613,Marketing,SEO Specialist,30,48,No
E0614,Marketing,SEO Specialist,11,48,No
E0615,Manufacturing,Quality Inspector,32,54,Yes
E0616,Finance,Auditor,36,39,No
E0617,IT,DevOps Engineer,4,42,No
E0618,Manufacturing,Machine Operator,26,47,No
E0619,Finance,Auditor,35,40,No
E0620,Education,Administrator,22,39,No
E0621,Healthcare,Doctor,7,35,No
E0622,Manufacturing,Quality Inspector,29,43,No
E0623,Marketing,Digital Marketer,12,51,No
E0624,Finance,Investment Analyst,10,52,Yes
E0625,Marketing,SEO Specialist,15,41,Yes
E0626,IT,Software Engineer,33,42,No
E0627,Manufacturing,Quality Inspector,16,48,No
E0628,Retail,Sales Associate,0,40,No
E0629,Retail,Sales Associate,34,47,Yes
E0630,Education,Administrator,29,40,Yes
E0631,Finance,Accountant,29,39,Yes
E0632,Education,Teacher,24,38,No
E0633,Manufacturing,Machine Operator,16,49,Yes
E0634,Retail,Store Manager,15,42,Yes
E0635,Retail,Cashier,23,50,No
E0636,Manufacturing,Machine Operator,0,52,Yes
E0637,Retail,Store Manager,28,51,No
E0638,Education,Professor,14,54,Yes
E0639,Education,Professor,32,46,Yes
E0640,IT,DevOps Engineer,9,35,Yes
E0641,Retail,Cashier,13,46,No
E0642,Healthcare,Technician,8,42,No
E0643,Healthcare,Technician,4,43,No
E0644,Healthcare,Doctor,32,42,Yes
E0645,IT,Data Analyst,25,36,No
E0646,Marketing,Digital Marketer,34,45,Yes
E0647,Education,Administrator,9,48,Yes
E0648,Manufacturing,Machine Operator,32,42,No
E0649,IT,Software Engineer,10,49,No
E0650,Education,Professor,26,44,No
E0651,Education,Teacher,22,37,Yes
E0652,Marketing,Content Creator,26,46,No
E0653,IT,DevOps Engineer,32,50,No
E0654,Finance,Accountant,23,54,No
E0655,Retail,Cashier,17,49,Yes
E0656,Manufacturing,Quality Inspector,14,40,Yes
E0657,IT,Software Engineer,19,42,No
E0658,Manufacturing,Supervisor,1,45,Yes
E0659,Healthcare,Nurse,3,47,No
E0660,IT,DevOps Engineer,24,42,No
E0661,Manufacturing,Supervisor,27,47,Yes
E0662,Manufacturing,Machine Operator,3,41,No
E0663,IT,Software Engineer,19,42,No
E0664,Marketing,SEO Specialist,0,49,Yes
E0665,Manufacturing,Machine Operator,19,51,No
E0666,Education,Teacher,21,47,No
E0667,IT,DevOps Engineer,30,37,Yes
E0668,Marketing,Content Creator,1,36,No
E0669,Manufacturing,Supervisor,3,52,No
E0670,Finance,Accountant,3,46,Yes
E0671,Finance,Accountant,12,51,No
E0672,IT,Software Engineer,15,46,No
E0673,Finance,Auditor,14,47,Yes
E0674,Retail,Store Manager,9,42,Yes
E0675,Finance,Investment Analyst,12,47,No
E0676,Healthcare,Doctor,28,43,No
E0677,Education,Teacher,0,50,No
E0678,Finance,Auditor,28,41,No
E0679,Finance,Accountant,31,40,No
E0680,Marketing,SEO Specialist,0,42,No
E0681,Marketing,SEO Specialist,31,37,No
E0682,Finance,Investment Analyst,8,43,No
E0683,Retail,Cashier,2,45,Yes
E0684,Manufacturing,Supervisor,2,52,Yes
E0685,Healthcare,Doctor,7,54,No
E0686,Education,Teacher,29,49,No
E0687,Education,Professor,8,43,No
E0688,Finance,Investment Analyst,11,45,Yes
E0689,Marketing,Content Creator,16,36,Yes
E0690,Education,Professor,15,50,Yes
E0691,Manufacturing,Quality Inspector,8,49,No
E0692,Healthcare,Technician,4,51,Yes
E0693,Finance,Accountant,16,49,Yes
E0694,IT,Software Engineer,35,39,No
E0695,Retail,Store Manager,0,44,Yes
E0696,IT,Data Analyst,34,40,No
E0697,IT,Data Analyst,34,38,Yes
E0698,Manufacturing,Quality Inspector,17,38,No
E0699,Retail,Store Manager,35,54,No
E0700,Marketing,Digital Marketer,14,54,Yes
E0701,Marketing,Content Creator,6,47,Yes
E0702,IT,Data Analyst,7,37,No
E0703,Marketing,Digital Marketer,16,54,No
E0704,Retail,Cashier,0,45,Yes
E0705,IT,Data Analyst,6,46,No
E0706,IT,DevOps Engineer,16,44,No
E0707,Healthcare,Technician,0,42,Yes
E0708,Marketing,SEO Specialist,6,51,Yes
E0709,Retail,Store Manager,1,54,Yes
E0710,Marketing,Content Creator,27,42,No
E0711,IT,Software Engineer,12,50,No
E0712,Healthcare,Nurse,21,50,Yes
E0713,Healthcare,Nurse,30,44,Yes
E0714,IT,Data Analyst,30,38,No
E0715,Retail,Cashier,25,49,No
E0716,Education,Professor,33,44,No
E0717,Finance,Auditor,9,46,No
E0718,IT,DevOps Engineer,2,38,No
E0719,Education,Professor,31,37,No
E0720,Finance,Investment Analyst,27,42,Yes
E0721,Education,Teacher,10,41,Yes
E0722,Finance,Accountant,28,39,No
E0723,Finance,Investment Analyst,23,49,No
E0724,Manufacturing,Supervisor,28,48,Yes
E0725,Healthcare,Doctor,18,40,No
E0726,Marketing,Digital Marketer,23,42,No
E0727,IT,DevOps Engineer,0,49,No
E0728,Retail,Store Manager,21,54,Yes
E0729,IT,Data Analyst,2,51,Yes
E0730,Healthcare,Nurse,25,35,No
E0731,Finance,Accountant,30,54,No
E0732,IT,Software Engineer,1,45,Yes
E0733,IT,DevOps Engineer,9,47,No
E0734,Healthcare,Nurse,15,45,Yes
E0735,IT,Software Engineer,27,53,Yes
E0736,Manufacturing,Quality Inspector,12,36,Yes
E0737,Manufacturing,Supervisor,15,37,No
E0738,Education,Administrator,4,40,Yes
E0739,Retail,Store Manager,9,50,Yes
E0740,Finance,Investment Analyst,12,38,No
E0741,IT,Software Engineer,31,43,No
E0742,IT,DevOps Engineer,21,53,Yes
E0743,Manufacturing,Supervisor,33,54,No
E0744,Finance,Auditor,14,54,Yes
E0745,Manufacturing,Supervisor,37,51,Yes
E0746,Finance,Accountant,8,40,Yes
E0747,IT,Software Engineer,32,51,Yes
E0748,Marketing,SEO Specialist,22,37,No
E0749,Healthcare,Nurse,21,48,No
E0750,Healthcare,Technician,14,38,No
E0751,IT,Data Analyst,15,45,No
E0752,Manufacturing,Supervisor,8,47,Yes
E0753,Finance,Accountant,2,52,Yes
E0754,IT,Data Analyst,36,41,Yes
E0755,IT,Software Engineer,17,49,No
E0756,Education,Professor,15,39,No
E0757,Manufacturing,Supervisor,29,52,No
E0758,Retail,Sales Associate,29,50,No
E0759,Marketing,SEO Specialist,10,47,No
E0760,Healthcare,Nurse,27,44,Yes
E0761,Manufacturing,Supervisor,10,49,Yes
E0762,Healthcare,Nurse,2,42,Yes
E0763,Retail,Cashier,16,50,No
E0764,Healthcare,Nurse,2,41,No
E0765,Retail,Sales Associate,5,46,No
E0766,Marketing,SEO Specialist,7,52,No
E0767,IT,Software Engineer,24,43,Yes
E0768,Retail,Cashier,20,47,No
E0769,Retail,Cashier,10,53,Yes
E0770,IT,DevOps Engineer,31,38,No
E0771,Healthcare,Technician,31,47,No
E0772,Manufacturing,Supervisor,4,36,Yes
E0773,Healthcare,Doctor,7,48,No
E0774,Education,Teacher,23,53,No
E0775,Manufacturing,Supervisor,8,51,Yes
E0776,Retail,Cashier,23,40,Yes
E0777,IT,DevOps Engineer,19,37,Yes
E0778,Healthcare,Doctor,4,42,No
E0779,Marketing,Content Creator,24,45,No
E0780,IT,Software Engineer,18,41,No
E0781,IT,Software Engineer,22,44,No
E0782,Manufacturing,Machine Operator,17,42,No
E0783,Manufacturing,Machine Operator,12,51,Yes
E0784,Marketing,SEO Specialist,1,40,No
E0785,Manufacturing,Machine Operator,9,35,Yes
E0786,Retail,Store Manager,17,35,Yes
E0787,Finance,Auditor,20,50,Yes
E0788,Education,Administrator,26,53,Yes
E0789,Healthcare,Nurse,0,52,Yes
E0790,IT,Software Engineer,20,43,Yes
E0791,Marketing,Content Creator,29,54,Yes
E0792,Retail,Sales Associate,5,38,No
E0793,Finance,Investment Analyst,13,54,No
E0794,Manufacturing,Quality Inspector,16,44,Yes
E0795,Marketing,SEO Specialist,30,43,No
E0796,IT,DevOps Engineer,8,47,Yes
E0797,IT,Software Engineer,35,36,Yes
E0798,Healthcare,Doctor,18,39,No
E0799,Education,Professor,30,51,Yes
E0800,Finance,Auditor,1,40,Yes
E0801,Education,Teacher,33,53,No
E0802,Marketing,Content Creator,18,48,Yes
E0803,Marketing,SEO Specialist,15,42,Yes
E0804,Healthcare,Doctor,6,51,Yes
E0805,Marketing,SEO Specialist,10,52,No
E0806,Manufacturing,Quality Inspector,1,45,Yes
E0807,Finance,Auditor,30,50,Yes
E0808,IT,Data Analyst,27,41,No
E0809,Retail,Cashier,0,37,No
E0810,IT,DevOps Engineer,0,50,Yes
E0811,IT,Data Analyst,3,35,Yes
E0812,Finance,Accountant,31,50,Yes
E0813,Marketing,Content Creator,29,48,No
E0814,Manufacturing,Machine Operator,30,52,No
E0815,Healthcare,Technician,12,52,No
E0816,Education,Administrator,5,42,Yes
E0817,Education,Administrator,28,49,No
E0818,Finance,Auditor,13,40,No
E0819,Retail,Store Manager,5,54,No
E0820,Healthcare,Nurse,19,51,Yes
E0821,Marketing,Content Creator,15,36,Yes
E0822,IT,DevOps Engineer,5,50,No
E0823,Education,Professor,36,38,Yes
E0824,Retail,Store Manager,20,52,No
E0825,Finance,Accountant,0,45,Yes
E0826,Education,Teacher,31,40,Yes
E0827,Healthcare,Doctor,14,47,Yes
E0828,Healthcare,Doctor,12,51,Yes
E0829,Education,Professor,15,37,No
E0830,Finance,Auditor,16,35,Yes
E0831,Marketing,SEO Specialist,24,53,Yes
E0832,Healthcare,Nurse,17,51,No
E0833,Education,Teacher,4,45,Yes
E0834,Education,Administrator,26,50,No
E0835,Manufacturing,Quality Inspector,16,53,No
E0836,Marketing,Digital Marketer,31,40,Yes
E0837,Manufacturing,Supervisor,0,42,No
E0838,Education,Professor,12,51,No
E0839,Marketing,SEO Specialist,19,47,No
E0840,IT,DevOps Engineer,11,39,No
E0841,Education,Administrator,5,40,No
E0842,Manufacturing,Machine Operator,13,41,No
E0843,Retail,Store Manager,25,39,Yes
E0844,Retail,Sales Associate,0,50,No
E0845,Healthcare,Doctor,27,35,Yes
E0846,Marketing,Digital Marketer,20,41,No
E0847,Retail,Sales Associate,0,44,Yes
E0848,Retail,Cashier,24,53,No
E0849,Manufacturing,Machine Operator,11,51,No
E0850,IT,DevOps Engineer,0,35,No
E0851,IT,Data Analyst,9,43,No
E0852,Marketing,SEO Specialist,23,43,No
E0853,Education,Administrator,16,45,Yes
E0854,Manufacturing,Supervisor,19,51,Yes
E0855,Education,Teacher,15,51,Yes
E0856,Healthcare,Technician,27,49,Yes
E0857,IT,Software Engineer,4,53,Yes
E0858,Finance,Auditor,25,52,No
E0859,Finance,Accountant,1,35,Yes
E0860,IT,DevOps Engineer,0,54,No
E0861,IT,DevOps Engineer,3,35,No
E0862,Healthcare,Nurse,23,41,No
E0863,Manufacturing,Machine Operator,2,48,No
E0864,Finance,Investment Analyst,31,54,Yes
E0865,Marketing,SEO Specialist,23,46,Yes
E0866,Education,Professor,11,38,No
E0867,Marketing,SEO Specialist,4,36,No
E0868,Marketing,Content Creator,17,38,No
E0869,IT,Data Analyst,13,38,Yes
E0870,Finance,Investment Analyst,14,53,No
E0871,Education,Administrator,29,39,Yes
E0872,Healthcare,Nurse,2,39,No
E0873,Education,Teacher,12,42,Yes
E0874,Manufacturing,Supervisor,9,48,No
E0875,Marketing,Content Creator,8,51,No
E0876,Marketing,Content Creator,0,47,Yes
E0877,IT,DevOps Engineer,20,46,Yes
E0878,Finance,Accountant,8,46,No
E0879,IT,Data Analyst,0,54,Yes
E0880,Manufacturing,Quality Inspector,27,46,Yes
E0881,IT,DevOps Engineer,26,40,Yes
E0882,IT,Data Analyst,18,51,No
E0883,IT,Data Analyst,35,40,No
E0884,Manufacturing,Quality Inspector,23,54,Yes
E0885,Education,Professor,25,45,Yes
E0886,Manufacturing,Quality Inspector,33,41,Yes
E0887,Finance,Investment Analyst,19,54,No
E0888,IT,Software Engineer,13,54,No
E0889,Marketing,Digital Marketer,9,47,No
E0890,Marketing,Content Creator,2,50,No
E0891,Manufacturing,Supervisor,10,50,Yes
E0892,Education,Teacher,21,46,No
E0893,Marketing,SEO Specialist,7,46,No
E0894,Education,Teacher,35,43,No
E0895,Marketing,Digital Marketer,32,43,No
E0896,Manufacturing,Machine Operator,13,37,Yes
E0897,Manufacturing,Quality Inspector,11,46,Yes
E0898,Manufacturing,Supervisor,32,41,Yes
E0899,IT,DevOps Engineer,20,42,Yes
E0900,Marketing,Digital Marketer,21,43,No
E0901,Finance,Accountant,1,36,Yes
E0902,Education,Teacher,29,45,No
E0903,Retail,Cashier,34,39,No
E0904,Healthcare,Doctor,7,53,Yes
E0905,Retail,Sales Associate,8,46,No
E0906,Marketing,Digital Marketer,31,36,No
E0907,IT,Data Analyst,10,44,Yes
E0908,Finance,Accountant,3,51,Yes
E0909,IT,Data Analyst,24,51,No
E0910,IT,DevOps Engineer,34,36,No
E0911,Marketing,SEO Specialist,21,49,Yes
E0912,Retail,Store Manager,12,38,No
E0913,Education,Professor,21,51,No
E0914,Finance,Investment Analyst,17,54,Yes
E0915,IT,Data Analyst,19,52,No
E0916,Finance,Investment Analyst,10,38,Yes
E0917,IT,Data Analyst,16,38,No
E0918,Finance,Investment Analyst,32,43,No
E0919,Manufacturing,Supervisor,3,53,No
E0920,Retail,Cashier,7,51,No
E0921,Manufacturing,Quality Inspector,12,42,No
E0922,Education,Professor,15,35,Yes
E0923,IT,Software Engineer,26,40,No
E0924,Marketing,Digital Marketer,0,48,No
E0925,IT,Software Engineer,19,49,Yes
E0926,Retail,Sales Associate,26,44,No
E0927,Manufacturing,Quality Inspector,34,40,No
E0928,Manufacturing,Supervisor,16,50,Yes
E0929,IT,Software Engineer,3,51,No
E0930,Education,Professor,0,44,No
E0931,Retail,Cashier,19,38,Yes
E0932,Retail,Sales Associate,12,51,Yes
E0933,Finance,Accountant,31,46,Yes
E0934,Finance,Auditor,19,46,No
E0935,IT,Software Engineer,14,43,Yes
E0936,Education,Professor,24,47,No
E0937,IT,Software Engineer,19,49,Yes
E0938,Marketing,SEO Specialist,28,52,Yes
E0939,Finance,Auditor,27,41,No
E0940,Marketing,Digital Marketer,14,43,Yes
E0941,Finance,Accountant,5,38,No
E0942,Education,Professor,19,50,Yes
E0943,Healthcare,Technician,34,46,No
E0944,Education,Teacher,1,44,Yes
E0945,Education,Administrator,26,43,Yes
E0946,Manufacturing,Machine Operator,32,36,Yes
E0947,Marketing,SEO Specialist,13,44,No
E0948,Education,Teacher,0,36,No
E0949,Finance,Auditor,9,43,No
E0950,Healthcare,Technician,10,37,Yes
E0951,Finance,Auditor,3,46,No
E0952,Education,Administrator,9,38,No
E0953,Education,Teacher,34,45,Yes
E0954,Finance,Auditor,23,46,Yes
E0955,Healthcare,Technician,15,47,No
E0956,Healthcare,Doctor,32,39,No
E0957,Marketing,Content Creator,6,42,Yes
E0958,Education,Administrator,6,36,No
E0959,Finance,Auditor,15,40,Yes
E0960,Finance,Accountant,20,54,No
E0961,Marketing,SEO Specialist,11,35,Yes
E0962,Manufacturing,Machine Operator,3,53,No
E0963,Education,Administrator,8,35,Yes
E0964,Retail,Cashier,35,43,No
E0965,Healthcare,Doctor,1,47,Yes
E0966,Retail,Store Manager,24,36,No
E0967,Marketing,Digital Marketer,13,53,No
E0968,Manufacturing,Quality Inspector,1,35,Yes
E0969,Manufacturing,Supervisor,8,48,No
E0970,IT,DevOps Engineer,23,37,No
E0971,Marketing,Content Creator,27,53,No
E0972,Healthcare,Nurse,14,36,No
E0973,Retail,Sales Associate,33,51,Yes
E0974,Manufacturing,Supervisor,5,47,Yes
E0975,Marketing,SEO Specialist,34,35,Yes
E0976,Healthcare,Technician,0,45,No
E0977,IT,Data Analyst,0,40,Yes
E0978,Healthcare,Doctor,22,40,No
E0979,Retail,Cashier,5,54,Yes
E0980,Retail,Store Manager,29,44,No
E0981,Retail,Sales Associate,12,43,Yes
E0982,Finance,Investment Analyst,12,43,Yes
E0983,Finance,Investment Analyst,22,42,No
E0984,Education,Professor,24,48,Yes
E0985,Healthcare,Technician,24,44,Yes
E0986,Education,Teacher,20,36,No
E0987,IT,Data Analyst,16,50,Yes
E0988,Marketing,Digital Marketer,0,47,Yes
E0989,Marketing,Content Creator,0,47,Yes
E0990,Marketing,Digital Marketer,22,42,No
E0991,Education,Professor,14,49,Yes
E0992,Retail,Cashier,1,52,Yes
E0993,Finance,Auditor,20,35,Yes
E0994,Education,Administrator,13,54,No
E0995,Manufacturing,Quality Inspector,32,50,Yes
E0996,Education,Teacher,35,39,No
E0997,Healthcare,Technician,19,38,Yes
E0998,Manufacturing,Supervisor,32,36,No
E0999,Education,Teacher,32,51,Yes
E1000,Healthcare,Doctor,28,54,No
E1001,Manufacturing,Machine Operator,11,49,No
E1002,Manufacturing,Quality Inspector,18,52,No
E1003,Retail,Sales Associate,7,51,No
E1004,Finance,Auditor,30,43,No
E1005,Marketing,Digital Marketer,29,52,Yes
E1006,Manufacturing,Machine Operator,23,52,Yes
E1007,Finance,Investment Analyst,13,40,No
E1008,Finance,Auditor,16,40,Yes
E1009,Healthcare,Technician,3,46,No
E1010,Healthcare,Nurse,0,52,No
E1011,Healthcare,Technician,26,36,No
E1012,Retail,Cashier,0,43,No
E1013,IT,DevOps Engineer,27,48,Yes
E1014,Healthcare,Nurse,7,40,Yes
E1015,Manufacturing,Quality Inspector,0,40,Yes
E1016,Retail,Sales Associate,11,52,Yes
E1017,Manufacturing,Machine Operator,32,52,Yes
E1018,IT,Data Analyst,28,42,Yes
E1019,Finance,Auditor,14,42,Yes
E1020,Retail,Cashier,24,43,Yes
E1021,IT,Data Analyst,14,41,Yes
E1022,Manufacturing,Machine Operator,28,39,No
E1023,Retail,Store Manager,21,35,No
E1024,Marketing,SEO Specialist,16,41,Yes
E1025,Healthcare,Nurse,25,40,No
E1026,Finance,Investment Analyst,22,40,Yes
E1027,Healthcare,Technician,20,53,No
E1028,IT,Data Analyst,5,43,No
E1029,Manufacturing,Quality Inspector,1,37,Yes
E1030,Manufacturing,Quality Inspector,1,51,No
E1031,Marketing,Content Creator,1,37,No
E1032,IT,DevOps Engineer,26,52,Yes
E1033,IT,Data Analyst,12,37,Yes
E1034,Marketing,Digital Marketer,33,50,Yes
E1035,IT,Data Analyst,11,44,Yes
E1036,Manufacturing,Quality Inspector,29,53,Yes
E1037,IT,Data Analyst,26,37,No
E1038,Marketing,SEO Specialist,24,35,Yes
E1039,Marketing,Content Creator,25,38,No
E1040,Education,Professor,14,41,No
E1041,Manufacturing,Supervisor,0,51,Yes
E1042,Marketing,SEO Specialist,23,45,Yes
E1043,Retail,Store Manager,1,39,No
E1044,Marketing,Content Creator,16,36,No
E1045,Finance,Auditor,30,35,Yes
E1046,Manufacturing,Supervisor,0,37,No
E1047,Education,Professor,25,49,Yes
E1048,Education,Professor,0,42,Yes
E1049,Education,Teacher,31,46,No
E1050,IT,Data Analyst,21,52,Yes
E1051,IT,DevOps Engineer,35,44,Yes
E1052,IT,Data Analyst,14,37,Yes
E1053,Manufacturing,Quality Inspector,13,35,No
E1054,Marketing,SEO Specialist,20,54,Yes
E1055,Finance,Accountant,14,48,No
E1056,Education,Professor,17,53,No
E1057,IT,DevOps Engineer,3,38,Yes
E1058,Healthcare,Technician,5,51,No
E1059,Manufacturing,Quality Inspector,13,37,No
E1060,IT,Software Engineer,19,54,Yes
E1061,Finance,Accountant,1,54,Yes
E1062,Manufacturing,Quality Inspector,32,41,No
E1063,IT,Data Analyst,28,38,No
E1064,IT,Software Engineer,19,54,Yes
E1065,Manufacturing,Quality Inspector,13,42,Yes
E1066,Marketing,Digital Marketer,19,51,No
E1067,Healthcare,Doctor,33,39,No
E1068,Marketing,Digital Marketer,27,49,Yes
E1069,IT,Software Engineer,2,45,Yes
E1070,Marketing,Digital Marketer,0,52,Yes
E1071,Education,Professor,7,46,No
E1072,IT,Software Engineer,10,45,No
E1073,Marketing,Digital Marketer,14,47,No
E1074,Education,Professor,0,52,Yes
E1075,Retail,Cashier,5,36,No
E1076,Education,Administrator,19,49,No
E1077,Retail,Cashier,28,51,No
E1078,Healthcare,Doctor,3,39,No
E1079,Marketing,SEO Specialist,31,46,No
E1080,Finance,Investment Analyst,24,44,Yes
E1081,Education,Teacher,27,42,Yes
E1082,Finance,Investment Analyst,4,36,Yes
E1083,Marketing,Digital Marketer,6,42,No
E1084,Healthcare,Doctor,23,46,Yes
E1085,Marketing,SEO Specialist,3,54,No
E1086,Retail,Sales Associate,8,48,No
E1087,Marketing,Digital Marketer,17,50,Yes
E1088,Manufacturing,Quality Inspector,21,49,No
E1089,Retail,Store Manager,6,49,Yes
E1090,IT,Data Analyst,31,52,Yes
E1091,Healthcare,Doctor,0,46,No
E1092,Manufacturing,Supervisor,28,46,No
E1093,IT,Software Engineer,3,46,Yes
E1094,Manufacturing,Quality Inspector,16,42,Yes
E1095,Education,Teacher,16,52,Yes
E1096,Finance,Auditor,10,48,Yes
E1097,Education,Teacher,19,51,No
E1098,Manufacturing,Supervisor,33,49,No
E1099,Finance,Auditor,16,35,Yes
E1100,Finance,Investment Analyst,24,40,Yes
E1101,IT,DevOps Engineer,12,44,Yes
E1102,Healthcare,Nurse,0,45,Yes
E1103,Finance,Auditor,31,38,Yes
E1104,Marketing,SEO Specialist,26,38,No
E1105,Education,Administrator,11,41,Yes
E1106,Retail,Cashier,4,42,No
E1107,Manufacturing,Quality Inspector,29,46,No
E1108,Education,Teacher,0,42,No
E1109,Marketing,Content Creator,29,42,No
E1110,Healthcare,Nurse,26,39,No
E1111,Finance,Investment Analyst,0,41,No
E1112,Retail,Store Manager,35,52,Yes
E1113,Healthcare,Nurse,7,44,No
E1114,Retail,Sales Associate,23,52,No
E1115,Finance,Accountant,15,40,No
E1116,Healthcare,Doctor,28,43,No
E1117,Retail,Cashier,11,46,Yes
E1118,Retail,Cashier,33,39,Yes
E1119,Education,Teacher,15,45,Yes
E1120,Healthcare,Nurse,7,43,Yes
E1121,IT,DevOps Engineer,26,52,Yes
E1122,Manufacturing,Quality Inspector,10,52,Yes
E1123,Manufacturing,Supervisor,22,36,No
E1124,Retail,Store Manager,29,52,Yes
E1125,Healthcare,Doctor,24,44,Yes
E1126,Education,Professor,35,39,No
E1127,Education,Teacher,7,53,No
E1128,Healthcare,Nurse,4,51,No
E1129,Education,Professor,7,51,Yes
E1130,Retail,Sales Associate,16,44,Yes
E1131,Finance,Accountant,28,46,Yes
E1132,IT,Data Analyst,0,44,Yes
E1133,Marketing,SEO Specialist,23,47,No
E1134,IT,Software Engineer,1,36,No
E1135,Healthcare,Doctor,11,53,No
E1136,Healthcare,Nurse,33,40,Yes
E1137,Manufacturing,Machine Operator,25,41,Yes
E1138,Healthcare,Doctor,15,41,Yes
E1139,Finance,Investment Analyst,24,45,Yes
E1140,Education,Teacher,0,52,Yes
E1141,Finance,Accountant,11,39,Yes
E1142,Marketing,SEO Specialist,12,38,Yes
E1143,Healthcare,Nurse,2,41,Yes
E1144,Education,Teacher,29,50,Yes
E1145,Education,Professor,25,35,No
E1146,Finance,Investment Analyst,11,47,No
E1147,Retail,Store Manager,3,37,No
E1148,IT,Data Analyst,27,46,Yes
E1149,IT,Software Engineer,16,45,Yes
E1150,IT,Data Analyst,32,46,Yes
E1151,IT,DevOps Engineer,20,40,No
E1152,Finance,Auditor,21,50,Yes
E1153,Retail,Store Manager,3,46,No
E1154,Healthcare,Doctor,7,54,No
E1155,Retail,Sales Associate,28,43,Yes
E1156,Manufacturing,Quality Inspector,6,40,Yes
E1157,Healthcare,Technician,6,52,Yes
E1158,Education,Administrator,5,42,No
E1159,Marketing,Digital Marketer,31,39,No
E1160,IT,DevOps Engineer,0,38,Yes
E1161,Healthcare,Doctor,8,48,Yes
E1162,Finance,Auditor,2,47,Yes
E1163,IT,Data Analyst,24,53,Yes
E1164,Marketing,Digital Marketer,24,45,Yes
E1165,Marketing,SEO Specialist,7,44,Yes
E1166,Finance,Investment Analyst,0,41,Yes
E1167,IT,DevOps Engineer,26,43,Yes
E1168,Retail,Store Manager,15,52,Yes
E1169,Retail,Store Manager,6,39,No
E1170,Finance,Investment Analyst,34,42,Yes
E1171,Retail,Sales Associate,31,45,No
E1172,Education,Administrator,6,36,Yes
E1173,Finance,Accountant,18,35,No
E1174,IT,Software Engineer,20,39,No
E1175,IT,Software Engineer,21,43,No
E1176,Marketing,Content Creator,33,40,No
E1177,Education,Teacher,29,49,No
E1178,Marketing,Content Creator,31,50,No
E1179,Finance,Investment Analyst,36,44,No
E1180,IT,Software Engineer,17,54,No
E1181,Healthcare,Nurse,22,41,No
E1182,Finance,Accountant,6,49,No
E1183,Marketing,Digital Marketer,23,45,Yes
E1184,Retail,Store Manager,29,49,No
E1185,Finance,Investment Analyst,5,51,No
E1186,IT,Software Engineer,19,37,No
E1187,Education,Professor,18,40,Yes
E1188,Education,Professor,0,42,Yes
E1189,IT,DevOps Engineer,8,52,No
E1190,Manufacturing,Quality Inspector,35,52,No
E1191,Finance,Accountant,8,44,No
E1192,Education,Professor,0,49,Yes
E1193,IT,Data Analyst,14,45,Yes
E1194,Retail,Store Manager,22,53,No
E1195,Retail,Cashier,24,36,No
E1196,IT,DevOps Engineer,15,36,Yes
E1197,Marketing,Content Creator,0,38,Yes
E1198,IT,DevOps Engineer,7,50,No
E1199,Retail,Sales Associate,0,54,Yes
E1200,Healthcare,Technician,12,44,No
E1201,Healthcare,Technician,17,42,Yes
E1202,Marketing,SEO Specialist,0,51,No
E1203,Healthcare,Doctor,4,37,Yes
E1204,IT,DevOps Engineer,7,40,Yes
E1205,Retail,Cashier,26,38,Yes
E1206,Manufacturing,Quality Inspector,8,40,Yes
E1207,IT,Software Engineer,9,47,Yes
E1208,Education,Administrator,23,43,No
E1209,IT,Data Analyst,9,51,Yes
E1210,Retail,Cashier,10,45,No
E1211,IT,Data Analyst,0,51,Yes
E1212,Finance,Auditor,30,48,No
E1213,Healthcare,Technician,28,44,No
E1214,Healthcare,Nurse,37,54,Yes
E1215,Education,Professor,23,42,No
E1216,Education,Professor,7,42,Yes
E1217,Manufacturing,Quality Inspector,14,38,No
E1218,IT,Data Analyst,15,45,No
E1219,Marketing,Content Creator,2,39,No
E1220,Marketing,Content Creator,8,41,Yes
E1221,Finance,Accountant,0,53,No
E1222,Marketing,Digital Marketer,13,47,Yes
E1223,Retail,Store Manager,12,38,Yes
E1224,IT,Software Engineer,6,52,No
E1225,Healthcare,Nurse,33,43,No
E1226,Healthcare,Nurse,22,42,Yes
E1227,IT,Software Engineer,4,52,Yes
E1228,Manufacturing,Supervisor,1,49,No
E1229,Healthcare,Doctor,11,42,No
E1230,Manufacturing,Quality Inspector,0,38,No
E1231,Marketing,Digital Marketer,28,51,Yes
E1232,Manufacturing,Machine Operator,13,47,No
E1233,IT,Data Analyst,20,35,Yes
E1234,Retail,Store Manager,27,49,No
E1235,Manufacturing,Quality Inspector,2,54,Yes
E1236,IT,Software Engineer,29,41,No
E1237,Retail,Sales Associate,25,54,No
E1238,Finance,Accountant,8,47,Yes
E1239,Finance,Auditor,19,51,No
E1240,Manufacturing,Quality Inspector,16,44,Yes
E1241,Healthcare,Doctor,8,54,No
E1242,Education,Administrator,31,47,No
E1243,Healthcare,Technician,29,36,No
E1244,Manufacturing,Quality Inspector,11,43,No
E1245,Retail,Store Manager,18,53,No
E1246,Education,Professor,29,47,No
E1247,Healthcare,Doctor,9,47,Yes
E1248,Education,Administrator,14,46,No
E1249,Manufacturing,Quality Inspector,25,36,Yes
E1250,Finance,Auditor,24,52,Yes
E1251,Retail,Cashier,0,43,No
E1252,Finance,Accountant,13,48,No
E1253,Healthcare,Technician,14,54,Yes
E1254,Education,Professor,22,45,No
E1255,Retail,Store Manager,13,48,Yes
E1256,Marketing,Digital Marketer,7,43,No
E1257,Healthcare,Doctor,3,35,Yes
E1258,Manufacturing,Quality Inspector,9,37,Yes
E1259,Manufacturing,Machine Operator,12,50,Yes
E1260,Retail,Store Manager,34,41,No
E1261,Manufacturing,Quality Inspector,13,45,No
E1262,Education,Administrator,19,49,Yes
E1263,Marketing,SEO Specialist,16,40,Yes
E1264,Healthcare,Doctor,17,49,No
E1265,Manufacturing,Machine Operator,3,44,No
E1266,Education,Professor,12,35,Yes
E1267,Manufacturing,Supervisor,23,43,Yes
E1268,Retail,Cashier,7,40,Yes
E1269,Finance,Investment Analyst,0,51,Yes
E1270,Marketing,SEO Specialist,27,48,No
E1271,Manufacturing,Quality Inspector,16,52,Yes
E1272,Marketing,SEO Specialist,15,45,Yes
E1273,Healthcare,Doctor,15,35,No
E1274,Finance,Auditor,18,49,Yes
E1275,Finance,Investment Analyst,25,48,Yes
E1276,Retail,Cashier,31,44,No
E1277,Marketing,Content Creator,1,50,Yes
E1278,Education,Teacher,35,40,No
E1279,Finance,Accountant,22,50,Yes
E1280,Education,Administrator,25,35,No
E1281,Marketing,Digital Marketer,33,43,No
E1282,IT,DevOps Engineer,6,46,No
E1283,Education,Teacher,12,53,Yes
E1284,Retail,Store Manager,6,36,No
E1285,Marketing,SEO Specialist,10,41,No
E1286,IT,DevOps Engineer,10,40,Yes
E1287,Manufacturing,Quality Inspector,7,39,Yes
E1288,Education,Administrator,33,38,Yes
E1289,Retail,Store Manager,11,45,No
E1290,Healthcare,Technician,0,49,Yes
E1291,IT,Data Analyst,2,49,Yes
E1292,IT,Data Analyst,1,35,No
E1293,Education,Administrator,28,53,Yes
E1294,Manufacturing,Quality Inspector,24,38,Yes
E1295,Healthcare,Technician,12,43,No
E1296,Marketing,Digital Marketer,0,43,No
E1297,Education,Administrator,32,54,Yes
E1298,Marketing,Content Creator,18,48,Yes
E1299,IT,Data Analyst,15,53,Yes
E1300,Retail,Sales Associate,32,50,Yes
E1301,Finance,Accountant,28,47,Yes
E1302,IT,Software Engineer,33,47,Yes
E1303,Manufacturing,Supervisor,33,41,No
E1304,Healthcare,Technician,17,41,Yes
E1305,Education,Teacher,4,38,No
E1306,Marketing,Digital Marketer,4,38,Yes
E1307,IT,Data Analyst,25,52,No
E1308,Healthcare,Nurse,27,37,No
E1309,IT,Data Analyst,25,48,Yes
E1310,Education,Professor,1,36,Yes
E1311,Retail,Cashier,18,41,Yes
E1312,Marketing,Content Creator,6,36,No
E1313,Education,Teacher,18,40,Yes
E1314,Healthcare,Nurse,26,38,No
E1315,Marketing,Digital Marketer,26,38,No
E1316,Healthcare,Nurse,23,46,No
E1317,Finance,Auditor,23,48,Yes
E1318,Retail,Store Manager,6,54,Yes
E1319,Healthcare,Technician,14,51,Yes
E1320,IT,Data Analyst,6,40,No
E1321,Healthcare,Technician,2,53,No
E1322,Marketing,SEO Specialist,5,53,Yes
E1323,Manufacturing,Machine Operator,30,50,Yes
E1324,IT,DevOps Engineer,15,40,No
E1325,Finance,Investment Analyst,12,47,Yes
E1326,Education,Teacher,11,46,Yes
E1327,Retail,Cashier,16,51,Yes
E1328,Manufacturing,Machine Operator,0,44,Yes
E1329,Retail,Sales Associate,12,51,Yes
E1330,Education,Administrator,35,52,Yes
E1331,Healthcare,Nurse,19,46,No
E1332,IT,Software Engineer,8,39,Yes
E1333,Marketing,SEO Specialist,16,36,Yes
E1334,IT,Data Analyst,11,49,No
E1335,Healthcare,Doctor,5,35,No
E1336,Manufacturing,Quality Inspector,0,37,Yes
E1337,Healthcare,Nurse,0,51,No
E1338,Healthcare,Nurse,37,53,No
E1339,Finance,Accountant,33,47,No
E1340,Manufacturing,Quality Inspector,12,39,Yes
E1341,IT,Data Analyst,23,38,No
E1342,Manufacturing,Quality Inspector,18,48,Yes
E1343,Finance,Auditor,5,47,No
E1344,Finance,Auditor,10,50,No
E1345,Retail,Sales Associate,0,42,No
E1346,Finance,Auditor,1,40,No
E1347,Finance,Auditor,19,50,No
E1348,Education,Teacher,35,43,Yes
E1349,Manufacturing,Quality Inspector,21,46,Yes
E1350,Manufacturing,Machine Operator,35,48,Yes
E1351,Marketing,Content Creator,20,49,Yes
E1352,Marketing,Digital Marketer,6,47,No
E1353,Manufacturing,Machine Operator,18,37,No
E1354,Marketing,Content Creator,7,47,No
E1355,Manufacturing,Machine Operator,0,53,Yes
E1356,Manufacturing,Machine Operator,17,35,Yes
E1357,Education,Professor,0,40,Yes
E1358,Manufacturing,Supervisor,22,44,No
E1359,Marketing,Digital Marketer,7,46,Yes
E1360,Manufacturing,Supervisor,33,52,No
E1361,Healthcare,Nurse,20,45,Yes
E1362,Manufacturing,Quality Inspector,30,37,No
E1363,Manufacturing,Machine Operator,9,50,No
E1364,Marketing,Digital Marketer,27,37,No
E1365,Finance,Investment Analyst,21,47,Yes
E1366,Marketing,SEO Specialist,0,52,Yes
E1367,Retail,Cashier,35,42,No
E1368,Marketing,Content Creator,35,43,Yes
E1369,Marketing,SEO Specialist,29,46,Yes
E1370,Healthcare,Technician,14,43,No
E1371,Healthcare,Doctor,15,54,No
E1372,Education,Teacher,3,51,No
E1373,Healthcare,Technician,30,52,No
E1374,Healthcare,Doctor,36,37,No
E1375,Healthcare,Technician,37,44,Yes
E1376,Manufacturing,Quality Inspector,14,50,No
E1377,IT,Data Analyst,19,37,Yes
E1378,Manufacturing,Machine Operator,0,47,Yes
E1379,Healthcare,Technician,25,54,Yes
E1380,IT,DevOps Engineer,13,49,Yes
E1381,Manufacturing,Machine Operator,16,40,No
E1382,Manufacturing,Machine Operator,14,44,No
E1383,Retail,Store Manager,16,53,No
E1384,Finance,Investment Analyst,0,40,Yes
E1385,Education,Professor,36,41,Yes
E1386,IT,Data Analyst,25,39,Yes
E1387,Healthcare,Nurse,24,53,No
E1388,Finance,Auditor,27,43,No
E1389,Education,Professor,8,54,Yes
E1390,Manufacturing,Supervisor,8,43,No
E1391,Finance,Investment Analyst,17,36,Yes
E1392,Finance,Investment Analyst,13,52,No
E1393,Education,Teacher,6,47,No
E1394,Healthcare,Doctor,21,37,Yes
E1395,Manufacturing,Quality Inspector,6,44,No
E1396,IT,Data Analyst,20,54,No
E1397,IT,DevOps Engineer,29,45,No
E1398,Healthcare,Doctor,15,48,Yes
E1399,Manufacturing,Machine Operator,16,52,Yes
E1400,Manufacturing,Quality Inspector,12,37,No
E1401,Healthcare,Technician,4,46,No
E1402,Marketing,Digital Marketer,9,41,Yes
E1403,Manufacturing,Supervisor,0,43,Yes
E1404,IT,Data Analyst,6,36,Yes
E1405,Retail,Cashier,24,36,Yes
E1406,IT,DevOps Engineer,13,51,No
E1407,Finance,Auditor,7,53,Yes
E1408,Retail,Sales Associate,29,40,Yes
E1409,IT,Data Analyst,6,35,No
E1410,Manufacturing,Machine Operator,24,41,No
E1411,Retail,Sales Associate,34,50,No
E1412,Healthcare,Nurse,13,53,Yes
E1413,Finance,Auditor,23,47,Yes
E1414,Marketing,SEO Specialist,25,46,Yes
E1415,IT,Data Analyst,33,39,Yes
E1416,Manufacturing,Machine Operator,0,50,No
E1417,Manufacturing,Quality Inspector,9,49,No
E1418,Marketing,SEO Specialist,1,44,No
E1419,Finance,Accountant,33,36,No
E1420,Marketing,Digital Marketer,30,53,No
E1421,Retail,Cashier,30,42,No
E1422,Healthcare,Doctor,5,49,Yes
E1423,Healthcare,Technician,14,41,Yes
E1424,Marketing,Content Creator,6,51,No
E1425,Marketing,Content Creator,11,40,No
E1426,Manufacturing,Quality Inspector,34,48,No
E1427,Manufacturing,Supervisor,0,50,Yes
E1428,Education,Administrator,25,50,No
E1429,Education,Professor,7,36,No
E1430,Healthcare,Technician,34,49,Yes
E1431,Retail,Cashier,2,39,No
E1432,Manufacturing,Machine Operator,2,36,Yes
E1433,Finance,Accountant,10,37,No
E1434,Healthcare,Technician,19,38,Yes
E1435,Manufacturing,Supervisor,25,46,No
E1436,Marketing,Content Creator,17,43,No
E1437,Finance,Investment Analyst,11,38,No
E1438,Manufacturing,Machine Operator,18,43,No
E1439,Retail,Cashier,13,46,No
E1440,Marketing,Content Creator,9,38,Yes
E1441,IT,Software Engineer,19,37,No
E1442,Finance,Investment Analyst,0,49,Yes
E1443,Finance,Auditor,11,53,Yes
E1444,Finance,Investment Analyst,21,37,Yes
E1445,Marketing,SEO Specialist,20,54,Yes
E1446,IT,DevOps Engineer,24,50,No
E1447,Marketing,Digital Marketer,17,39,No
E1448,Education,Administrator,1,45,Yes
E1449,Manufacturing,Machine Operator,25,46,No
E1450,Healthcare,Technician,30,44,Yes
E1451,Finance,Auditor,9,50,No
E1452,Manufacturing,Machine Operator,11,43,No
E1453,Retail,Cashier,14,49,No
E1454,Retail,Sales Associate,33,37,Yes
E1455,Finance,Auditor,5,46,No
E1456,Retail,Store Manager,26,46,No
E1457,Healthcare,Technician,2,53,No
E1458,Healthcare,Technician,33,44,No
E1459,Education,Administrator,21,46,Yes
E1460,Finance,Auditor,0,54,Yes
E1461,IT,Data Analyst,5,48,No
E1462,IT,Software Engineer,30,42,Yes
E1463,Manufacturing,Supervisor,0,45,Yes
E1464,Manufacturing,Machine Operator,7,47,Yes
E1465,Marketing,SEO Specialist,33,47,No
E1466,Finance,Auditor,27,48,No
E1467,Healthcare,Technician,0,47,Yes
E1468,Education,Administrator,14,42,No
E1469,Retail,Cashier,18,41,No
E1470,Manufacturing,Quality Inspector,24,50,Yes
E1471,Retail,Sales Associate,15,35,No
E1472,Marketing,Content Creator,24,38,Yes
E1473,Retail,Sales Associate,23,48,No
E1474,Finance,Accountant,8,35,No
E1475,Manufacturing,Supervisor,30,43,Yes
E1476,Education,Teacher,13,51,No
E1477,Education,Administrator,17,41,No
E1478,IT,Data Analyst,1,37,No
E1479,Marketing,Content Creator,10,41,Yes
E1480,Marketing,Digital Marketer,7,42,No
E1481,Marketing,SEO Specialist,10,44,Yes
E1482,Healthcare,Nurse,23,35,No
E1483,Finance,Accountant,2,54,No
E1484,Finance,Investment Analyst,19,47,No
E1485,Marketing,SEO Specialist,19,38,Yes
E1486,Education,Teacher,18,54,Yes
E1487,Manufacturing,Quality Inspector,2,43,No
E1488,Education,Teacher,15,48,Yes
E1489,IT,DevOps Engineer,18,54,No
E1490,Retail,Store Manager,24,51,No
E1491,IT,DevOps Engineer,21,37,Yes
E1492,Manufacturing,Quality Inspector,25,47,Yes
E1493,Marketing,Digital Marketer,6,37,No
E1494,IT,Data Analyst,21,42,No
E1495,IT,DevOps Engineer,22,43,Yes
E1496,IT,DevOps Engineer,18,48,No
E1497,Finance,Investment Analyst,10,35,No
E1498,IT,Data Analyst,27,36,Yes
E1499,Retail,Sales Associate,21,44,Yes
E1500,Finance,Accountant,28,45,No
E1501,Manufacturing,Quality Inspector,17,47,Yes
E1502,Education,Teacher,0,46,No
E1503,IT,Data Analyst,7,36,No
E1504,Marketing,Content Creator,20,36,Yes
E1505,Marketing,Digital Marketer,16,44,Yes
E1506,Finance,Auditor,33,44,No
E1507,Marketing,SEO Specialist,2,44,Yes
E1508,Finance,Investment Analyst,27,47,No
E1509,Education,Administrator,10,39,No
E1510,Marketing,Content Creator,33,36,Yes
E1511,Retail,Sales Associate,26,46,No
E1512,Retail,Sales Associate,9,40,Yes
E1513,Finance,Auditor,29,45,Yes
E1514,Education,Teacher,30,37,No
E1515,Retail,Sales Associate,18,38,Yes
E1516,Manufacturing,Machine Operator,19,46,Yes
E1517,Finance,Investment Analyst,9,45,Yes
E1518,Healthcare,Technician,25,48,Yes
E1519,IT,DevOps Engineer,1,37,Yes
E1520,Manufacturing,Supervisor,13,54,Yes
E1521,Finance,Auditor,0,46,Yes
E1522,Retail,Cashier,13,40,No
E1523,Marketing,Digital Marketer,20,45,Yes
E1524,Healthcare,Nurse,20,49,Yes
E1525,Manufacturing,Machine Operator,28,50,Yes
E1526,IT,Data Analyst,4,44,Yes
E1527,Healthcare,Nurse,21,44,No
E1528,Education,Administrator,26,51,No
E1529,Healthcare,Doctor,28,49,Yes
E1530,IT,DevOps Engineer,0,46,Yes
E1531,Education,Teacher,4,50,Yes
E1532,Finance,Accountant,4,54,No
E1533,IT,Software Engineer,33,42,Yes
E1534,Education,Administrator,36,40,Yes
E1535,Marketing,SEO Specialist,9,47,No
E1536,Manufacturing,Quality Inspector,25,36,Yes
E1537,Manufacturing,Supervisor,13,44,Yes
E1538,Finance,Auditor,17,48,No
E1539,Education,Professor,3,41,Yes
E1540,Manufacturing,Supervisor,22,42,Yes
E1541,Marketing,Digital Marketer,23,47,No
E1542,Healthcare,Nurse,2,49,Yes
E1543,Education,Teacher,26,35,No
E1544,Education,Professor,11,49,No
E1545,Healthcare,Doctor,2,54,Yes
E1546,Retail,Store Manager,7,36,Yes
E1547,Education,Professor,0,42,No
E1548,IT,Software Engineer,36,42,No
E1549,Education,Teacher,30,47,Yes
E1550,Finance,Accountant,22,45,Yes
E1551,Finance,Accountant,22,47,Yes
E1552,Finance,Auditor,32,42,Yes
E1553,Manufacturing,Supervisor,30,48,Yes
E1554,Healthcare,Nurse,18,47,No
E1555,Manufacturing,Quality Inspector,19,36,Yes
E1556,Education,Professor,33,44,No
E1557,Finance,Auditor,12,51,No
E1558,Education,Administrator,6,35,Yes
E1559,IT,Software Engineer,25,47,Yes
E1560,Retail,Sales Associate,4,50,Yes
E1561,Education,Administrator,7,52,Yes
E1562,Education,Professor,14,38,Yes
E1563,Education,Teacher,24,47,No
E1564,Finance,Accountant,27,49,No
E1565,Healthcare,Technician,5,39,Yes
E1566,Education,Teacher,32,48,No
E1567,Retail,Cashier,3,44,Yes
E1568,Healthcare,Technician,16,44,Yes
E1569,Healthcare,Doctor,30,41,Yes
E1570,Healthcare,Nurse,24,44,Yes
E1571,IT,Software Engineer,15,42,No
E1572,Finance,Accountant,20,38,Yes
E1573,Healthcare,Technician,32,48,Yes
E1574,Marketing,SEO Specialist,14,37,No
E1575,Manufacturing,Machine Operator,10,50,Yes
E1576,Marketing,Digital Marketer,4,36,Yes
E1577,Marketing,Digital Marketer,22,41,Yes
E1578,Marketing,SEO Specialist,11,47,No
E1579,Retail,Sales Associate,34,47,No
E1580,Manufacturing,Machine Operator,1,52,Yes
E1581,Marketing,Digital Marketer,5,38,No
E1582,Education,Professor,2,40,Yes
E1583,Education,Professor,23,52,No
E1584,Manufacturing,Quality Inspector,9,46,No
E1585,Education,Teacher,4,51,No
E1586,Retail,Cashier,31,54,No
E1587,Marketing,SEO Specialist,13,44,No
E1588,Healthcare,Technician,27,52,Yes
E1589,Healthcare,Nurse,8,40,Yes
E1590,Manufacturing,Supervisor,30,51,No
E1591,Manufacturing,Machine Operator,32,45,No
E1592,Education,Administrator,4,40,No
E1593,IT,DevOps Engineer,11,44,No
E1594,Manufacturing,Supervisor,7,39,Yes
E1595,IT,Data Analyst,12,53,No
E1596,IT,DevOps Engineer,2,36,Yes
E1597,Finance,Investment Analyst,8,49,Yes
E1598,Healthcare,Technician,32,46,No
E1599,Healthcare,Nurse,2,50,Yes
E1600,IT,Data Analyst,2,53,Yes
E1601,Marketing,Content Creator,7,53,No
E1602,Finance,Auditor,35,44,Yes
E1603,Manufacturing,Quality Inspector,3,53,Yes
E1604,IT,Software Engineer,9,44,Yes
E1605,Retail,Cashier,0,45,No
E1606,Manufacturing,Quality Inspector,17,50,Yes
E1607,Education,Teacher,10,52,Yes
E1608,Education,Professor,32,49,No
E1609,Manufacturing,Machine Operator,26,42,Yes
E1610,Healthcare,Nurse,18,50,No
E1611,IT,Software Engineer,16,48,Yes
E1612,Retail,Store Manager,21,39,No
E1613,IT,Software Engineer,0,40,Yes
E1614,IT,Data Analyst,31,43,No
E1615,Healthcare,Nurse,25,52,No
E1616,Marketing,SEO Specialist,11,39,No
E1617,Education,Professor,3,35,No
E1618,Marketing,Content Creator,18,36,No
E1619,Marketing,SEO Specialist,21,45,No
E1620,IT,Data Analyst,23,42,Yes
E1621,IT,DevOps Engineer,23,39,No
E1622,Healthcare,Doctor,0,52,No
E1623,Manufacturing,Quality Inspector,37,39,Yes
E1624,Finance,Investment Analyst,25,45,No
E1625,Healthcare,Technician,26,50,Yes
E1626,Education,Administrator,23,53,No
E1627,Finance,Investment Analyst,25,46,No
E1628,Marketing,SEO Specialist,6,40,Yes
E1629,Retail,Store Manager,20,44,No
E1630,Retail,Cashier,9,48,Yes
E1631,Education,Administrator,13,43,Yes
E1632,Manufacturing,Supervisor,0,37,Yes
E1633,Retail,Cashier,8,41,No
E1634,Manufacturing,Quality Inspector,26,44,Yes
E1635,Healthcare,Technician,24,51,Yes
E1636,Education,Administrator,29,46,No
E1637,Finance,Auditor,19,47,No
E1638,Marketing,Digital Marketer,0,51,No
E1639,IT,Data Analyst,29,54,No
E1640,IT,Software Engineer,3,45,No
E1641,Manufacturing,Quality Inspector,12,50,No
E1642,Education,Professor,4,54,No
E1643,Retail,Store Manager,30,38,Yes
E1644,Healthcare,Technician,19,51,No
E1645,Education,Professor,29,38,Yes
E1646,Retail,Sales Associate,22,38,Yes
E1647,Manufacturing,Quality Inspector,18,40,Yes
E1648,Marketing,Digital Marketer,11,52,Yes
E1649,Marketing,Content Creator,0,49,Yes
E1650,Marketing,SEO Specialist,3,49,Yes
E1651,Finance,Accountant,2,40,No
E1652,IT,Software Engineer,16,46,Yes
E1653,Healthcare,Technician,35,45,No
E1654,Education,Administrator,17,50,No
E1655,Education,Administrator,13,47,Yes
E1656,Manufacturing,Machine Operator,26,54,No
E1657,Retail,Sales Associate,26,43,No
E1658,IT,DevOps Engineer,6,46,No
E1659,Healthcare,Nurse,14,44,No
E1660,Manufacturing,Machine Operator,18,36,No
E1661,Marketing,SEO Specialist,28,52,No
E1662,Manufacturing,Supervisor,11,46,Yes
E1663,Retail,Store Manager,31,49,Yes
E1664,Manufacturing,Quality Inspector,0,44,No
E1665,Finance,Accountant,15,40,Yes
E1666,Manufacturing,Machine Operator,16,38,Yes
E1667,Education,Teacher,19,52,No
E1668,Manufacturing,Quality Inspector,33,44,Yes
E1669,Retail,Store Manager,9,36,No
E1670,Healthcare,Doctor,3,42,No
E1671,IT,Data Analyst,19,51,Yes
E1672,Marketing,Content Creator,36,49,No
E1673,Marketing,SEO Specialist,8,51,No
E1674,Retail,Sales Associate,0,36,Yes
E1675,Manufacturing,Supervisor,21,44,No
E1676,IT,Software Engineer,34,40,Yes
E1677,Healthcare,Technician,18,39,No
E1678,IT,Data Analyst,29,49,No
E1679,Marketing,Content Creator,1,51,No
E1680,Retail,Store Manager,26,47,Yes
E1681,Manufacturing,Machine Operator,21,41,No
E1682,IT,DevOps Engineer,26,47,Yes
E1683,Education,Administrator,24,35,No
E1684,Manufacturing,Machine Operator,23,37,No
E1685,IT,Data Analyst,0,35,Yes
E1686,Finance,Accountant,8,46,No
E1687,Healthcare,Technician,5,40,Yes
E1688,Marketing,Content Creator,11,41,Yes
E1689,IT,Software Engineer,22,52,No
E1690,Finance,Investment Analyst,3,50,No
E1691,IT,Data Analyst,32,39,No
E1692,Finance,Accountant,17,42,No
E1693,Retail,Store Manager,0,44,No
E1694,Retail,Store Manager,9,38,Yes
E1695,IT,DevOps Engineer,33,53,Yes
E1696,Education,Teacher,0,43,Yes
E1697,Marketing,SEO Specialist,13,54,Yes
E1698,Retail,Store Manager,33,53,No
E1699,IT,Software Engineer,29,38,No
E1700,Education,Administrator,33,54,Yes
E1701,Manufacturing,Supervisor,31,43,Yes
E1702,Healthcare,Nurse,30,40,No
E1703,Marketing,Digital Marketer,0,35,Yes
E1704,Retail,Cashier,5,41,No
E1705,Education,Teacher,9,48,No
E1706,Retail,Sales Associate,5,46,Yes
E1707,IT,DevOps Engineer,1,50,No
E1708,Healthcare,Nurse,14,50,Yes
E1709,IT,Data Analyst,0,47,Yes
E1710,Finance,Auditor,15,48,Yes
E1711,IT,Software Engineer,8,53,No
E1712,IT,DevOps Engineer,27,49,Yes
E1713,Manufacturing,Machine Operator,33,40,Yes
E1714,Retail,Cashier,36,41,No
E1715,Healthcare,Nurse,32,45,No
E1716,Marketing,Content Creator,17,47,Yes
E1717,Finance,Investment Analyst,21,39,Yes
E1718,Education,Administrator,11,50,Yes
E1719,IT,DevOps Engineer,10,50,No
E1720,Finance,Investment Analyst,28,43,Yes
E1721,Healthcare,Nurse,11,37,No
E1722,Manufacturing,Quality Inspector,12,40,Yes
E1723,Finance,Auditor,29,49,Yes
E1724,Healthcare,Doctor,27,37,No
E1725,Education,Teacher,33,35,No
E1726,IT,DevOps Engineer,14,47,Yes
E1727,Finance,Accountant,13,54,No
E1728,Manufacturing,Supervisor,15,36,No
E1729,Education,Teacher,28,54,No
E1730,Education,Professor,5,47,No
E1731,Education,Administrator,25,47,Yes
E1732,Education,Professor,0,36,No
E1733,Finance,Auditor,33,53,No
E1734,IT,Software Engineer,20,53,Yes
E1735,Marketing,SEO Specialist,34,40,Yes
E1736,Healthcare,Nurse,16,39,No
E1737,Marketing,Digital Marketer,28,53,No
E1738,Finance,Investment Analyst,8,45,No
E1739,IT,DevOps Engineer,3,45,Yes
E1740,Education,Administrator,33,42,No
E1741,Finance,Investment Analyst,4,50,Yes
E1742,Finance,Accountant,9,51,Yes
E1743,Education,Teacher,0,39,No
E1744,Manufacturing,Machine Operator,15,37,No
E1745,Finance,Accountant,23,53,No
E1746,IT,Data Analyst,11,54,No
E1747,Marketing,Content Creator,32,51,Yes
E1748,Healthcare,Doctor,23,49,No
E1749,Retail,Sales Associate,9,53,No
E1750,Education,Professor,35,53,No
E1751,Education,Teacher,34,36,Yes
E1752,Marketing,Content Creator,15,48,No
E1753,Manufacturing,Quality Inspector,13,50,Yes
E1754,Finance,Auditor,28,44,No
E1755,Marketing,Digital Marketer,16,36,No
E1756,Marketing,SEO Specialist,22,54,No
E1757,IT,DevOps Engineer,32,53,No
E1758,Finance,Accountant,20,52,No
E1759,IT,Software Engineer,27,50,Yes
E1760,Finance,Accountant,19,36,Yes
E1761,IT,Data Analyst,37,43,No
E1762,Education,Teacher,35,48,No
E1763,Manufacturing,Machine Operator,22,46,No
E1764,Education,Administrator,25,54,No
E1765,Finance,Accountant,19,54,No
E1766,Finance,Auditor,17,37,No
E1767,Retail,Cashier,27,51,Yes
E1768,Finance,Accountant,14,36,Yes
E1769,Retail,Sales Associate,8,49,No
E1770,Retail,Sales Associate,5,41,Yes
E1771,Finance,Accountant,13,43,Yes
E1772,Education,Professor,13,54,Yes
E1773,Manufacturing,Supervisor,18,45,No
E1774,Marketing,SEO Specialist,1,49,Yes
E1775,Manufacturing,Quality Inspector,17,41,No
E1776,Manufacturing,Quality Inspector,25,39,Yes
E1777,Healthcare,Doctor,28,47,Yes
E1778,Retail,Store Manager,27,35,Yes
E1779,Manufacturing,Quality Inspector,16,37,Yes
E1780,Manufacturing,Quality Inspector,14,41,Yes
E1781,Retail,Store Manager,25,43,Yes
E1782,IT,Data Analyst,5,52,No
E1783,Retail,Cashier,28,36,Yes
E1784,Finance,Accountant,27,41,Yes
E1785,Healthcare,Doctor,0,46,Yes
E1786,Retail,Store Manager,26,39,No
E1787,Retail,Sales Associate,23,35,Yes
E1788,Retail,Store Manager,26,54,No
E1789,Marketing,SEO Specialist,12,48,No
E1790,Finance,Accountant,20,46,No
E1791,Healthcare,Nurse,0,40,No
E1792,Marketing,Digital Marketer,12,36,No
E1793,Marketing,Digital Marketer,13,47,Yes
E1794,Marketing,Content Creator,10,42,No
E1795,Retail,Store Manager,22,47,Yes
E1796,IT,DevOps Engineer,13,35,No
E1797,IT,Data Analyst,11,36,Yes
E1798,Education,Professor,23,40,No
E1799,Retail,Cashier,29,51,Yes
E1800,Manufacturing,Supervisor,14,38,No
E1801,Manufacturing,Machine Operator,17,37,No
E1802,Education,Teacher,36,53,Yes
E1803,Finance,Auditor,34,48,Yes
E1804,Retail,Store Manager,34,49,Yes
E1805,Marketing,Digital Marketer,0,38,No
E1806,Retail,Sales Associate,10,43,No
E1807,Manufacturing,Supervisor,18,46,Yes
E1808,Healthcare,Technician,4,54,Yes
E1809,Finance,Auditor,7,35,Yes
E1810,Healthcare,Doctor,31,45,No
E1811,Education,Teacher,15,38,No
E1812,Education,Teacher,0,40,Yes
E1813,Finance,Investment Analyst,35,40,No
E1814,IT,DevOps Engineer,0,48,Yes
E1815,Marketing,SEO Specialist,27,45,No
E1816,Marketing,Digital Marketer,14,42,Yes
E1817,IT,DevOps Engineer,24,52,Yes
E1818,Finance,Accountant,20,44,No
E1819,Manufacturing,Machine Operator,8,47,No
E1820,Education,Administrator,9,37,No
E1821,Healthcare,Doctor,30,48,No
E1822,Finance,Auditor,16,53,No
E1823,Finance,Investment Analyst,18,39,Yes
E1824,IT,Software Engineer,6,44,No
E1825,Finance,Investment Analyst,15,36,Yes
E1826,Marketing,Digital Marketer,19,49,Yes
E1827,Finance,Accountant,4,51,No
E1828,Manufacturing,Machine Operator,8,40,Yes
E1829,IT,DevOps Engineer,22,38,Yes
E1830,IT,DevOps Engineer,19,40,Yes
E1831,IT,Software Engineer,36,51,No
E1832,Manufacturing,Supervisor,17,50,Yes
E1833,Manufacturing,Quality Inspector,19,43,No
E1834,Marketing,SEO Specialist,14,41,No
E1835,Finance,Auditor,9,52,Yes
E1836,Education,Teacher,33,54,No
E1837,Manufacturing,Quality Inspector,10,48,Yes
E1838,Finance,Investment Analyst,36,45,Yes
E1839,Healthcare,Nurse,2,43,No
E1840,IT,DevOps Engineer,13,40,No
E1841,Marketing,Digital Marketer,26,54,Yes
E1842,Manufacturing,Supervisor,0,43,Yes
E1843,Retail,Store Manager,0,48,No
E1844,Manufacturing,Supervisor,9,39,No
E1845,Retail,Sales Associate,24,38,Yes
E1846,Finance,Investment Analyst,22,46,No
E1847,IT,Data Analyst,10,43,No
E1848,Education,Professor,26,35,Yes
E1849,Finance,Accountant,14,46,Yes
E1850,Finance,Auditor,23,44,No
E1851,Retail,Sales Associate,3,49,No
E1852,Retail,Store Manager,22,44,No
E1853,Finance,Accountant,12,50,No
E1854,Healthcare,Technician,8,45,Yes
E1855,Healthcare,Technician,25,43,Yes
E1856,Marketing,Digital Marketer,12,51,No
E1857,Retail,Store Manager,14,48,No
E1858,Education,Administrator,8,38,Yes
E1859,Finance,Investment Analyst,2,39,No
E1860,Manufacturing,Machine Operator,31,41,No
E1861,Finance,Accountant,36,48,Yes
E1862,Manufacturing,Quality Inspector,21,35,No
E1863,IT,Data Analyst,18,42,No
E1864,Healthcare,Technician,29,45,No
E1865,Manufacturing,Quality Inspector,24,54,Yes
E1866,Retail,Cashier,12,42,Yes
E1867,Finance,Auditor,15,44,No
E1868,Marketing,Digital Marketer,6,48,Yes
E1869,Healthcare,Doctor,20,47,No
E1870,Education,Administrator,15,40,No
E1871,Education,Teacher,0,39,No
E1872,Marketing,SEO Specialist,9,50,No
E1873,Healthcare,Doctor,9,37,No
E1874,Retail,Store Manager,8,54,No
E1875,Marketing,Content Creator,19,39,No
E1876,Retail,Sales Associate,0,41,No
E1877,IT,Data Analyst,4,50,No
E1878,Education,Teacher,8,40,Yes
E1879,Healthcare,Technician,0,37,Yes
E1880,IT,Data Analyst,34,42,Yes
E1881,Retail,Sales Associate,30,43,No
E1882,Retail,Store Manager,37,53,No
E1883,Education,Professor,18,49,Yes
E1884,Education,Teacher,9,51,Yes
E1885,Retail,Sales Associate,1,36,Yes
E1886,Retail,Cashier,12,42,Yes
E1887,Marketing,SEO Specialist,26,53,No
E1888,IT,Data Analyst,33,52,No
E1889,Education,Teacher,13,52,No
E1890,Education,Administrator,13,53,Yes
E1891,Marketing,Content Creator,31,54,Yes
E1892,IT,Software Engineer,12,38,No
E1893,Marketing,Digital Marketer,0,53,No
E1894,Manufacturing,Supervisor,20,53,Yes
E1895,Marketing,Digital Marketer,18,40,Yes
E1896,IT,Data Analyst,4,45,No
E1897,Education,Administrator,6,52,No
E1898,Retail,Store Manager,16,50,Yes
E1899,Manufacturing,Supervisor,28,51,No
E1900,Finance,Investment Analyst,33,54,No
E1901,Manufacturing,Machine Operator,0,40,No
E1902,Manufacturing,Supervisor,31,52,No
E1903,Retail,Store Manager,0,49,No
E1904,Retail,Store Manager,7,45,Yes
E1905,Finance,Auditor,27,36,Yes
E1906,Manufacturing,Supervisor,0,45,Yes
E1907,IT,Software Engineer,28,51,No
E1908,IT,Software Engineer,18,48,Yes
E1909,Marketing,Content Creator,32,46,Yes
E1910,Education,Administrator,26,39,Yes
E1911,Healthcare,Nurse,2,43,Yes
E1912,Manufacturing,Machine Operator,29,53,Yes
E1913,Retail,Sales Associate,27,49,Yes
E1914,IT,Data Analyst,20,54,No
E1915,Healthcare,Nurse,27,54,No
E1916,Marketing,Digital Marketer,30,38,Yes
E1917,Retail,Store Manager,0,35,Yes
E1918,Manufacturing,Supervisor,4,47,Yes
E1919,Healthcare,Doctor,7,46,No
E1920,Finance,Auditor,35,36,No
E1921,Healthcare,Nurse,36,52,Yes
E1922,Healthcare,Doctor,28,38,Yes
E1923,Education,Professor,18,49,Yes
E1924,Retail,Store Manager,13,40,Yes
E1925,Healthcare,Technician,26,36,No
E1926,IT,Data Analyst,11,47,Yes
E1927,Marketing,Digital Marketer,30,38,No
E1928,Manufacturing,Supervisor,1,47,No
E1929,Marketing,Content Creator,7,53,Yes
E1930,Healthcare,Doctor,3,54,No
E1931,Healthcare,Technician,28,44,No
E1932,Manufacturing,Quality Inspector,30,46,Yes
E1933,Healthcare,Nurse,9,39,Yes
E1934,IT,DevOps Engineer,17,45,No
E1935,Manufacturing,Machine Operator,5,35,Yes
E1936,Healthcare,Technician,31,54,Yes
E1937,Education,Teacher,0,40,No
E1938,Marketing,Content Creator,27,51,Yes
E1939,Marketing,Content Creator,21,52,Yes
E1940,Finance,Accountant,27,51,No
E1941,Marketing,Content Creator,19,48,No
E1942,Education,Administrator,12,49,Yes
E1943,Marketing,SEO Specialist,20,45,No
E1944,IT,Software Engineer,11,43,No
E1945,Education,Professor,23,46,Yes
E1946,Finance,Investment Analyst,0,38,Yes
E1947,Healthcare,Nurse,6,47,Yes
E1948,Education,Administrator,29,50,No
E1949,Healthcare,Nurse,8,47,Yes
E1950,Education,Professor,12,52,No
E1951,Education,Administrator,22,42,Yes
E1952,Education,Professor,33,35,Yes
E1953,Finance,Investment Analyst,26,45,No
E1954,Marketing,Digital Marketer,15,53,No
E1955,Manufacturing,Supervisor,22,48,Yes
E1956,Retail,Cashier,37,41,No
E1957,Retail,Sales Associate,25,42,Yes
E1958,Education,Teacher,27,49,No
E1959,Education,Professor,22,47,Yes
E1960,Finance,Investment Analyst,12,47,Yes
E1961,Education,Professor,31,52,Yes
E1962,IT,Software Engineer,15,54,Yes
E1963,Retail,Sales Associate,11,52,Yes
E1964,Retail,Cashier,12,35,No
E1965,Healthcare,Nurse,0,51,No
E1966,Education,Administrator,16,37,No
E1967,Marketing,SEO Specialist,10,52,No
E1968,Manufacturing,Quality Inspector,36,51,Yes
E1969,Finance,Investment Analyst,11,51,No
E1970,Education,Administrator,24,50,No
E1971,Finance,Auditor,6,53,No
E1972,Education,Teacher,24,39,No
E1973,Retail,Cashier,1,49,No
E1974,Finance,Accountant,29,49,Yes
E1975,IT,Software Engineer,37,42,No
E1976,Finance,Auditor,14,54,No
E1977,Retail,Cashier,11,36,Yes
E1978,Education,Teacher,15,38,No
E1979,Manufacturing,Quality Inspector,34,47,No
E1980,Healthcare,Nurse,18,54,No
E1981,Retail,Sales Associate,6,39,Yes
E1982,Marketing,Content Creator,8,40,Yes
E1983,Healthcare,Technician,0,45,No
E1984,Healthcare,Technician,7,48,Yes
E1985,Manufacturing,Quality Inspector,4,38,Yes
E1986,Healthcare,Doctor,33,52,Yes
E1987,Marketing,Digital Marketer,24,50,Yes
E1988,Marketing,SEO Specialist,34,37,No
E1989,Education,Administrator,21,49,Yes
E1990,Finance,Investment Analyst,27,42,Yes
E1991,Finance,Investment Analyst,0,35,No
E1992,Healthcare,Doctor,27,47,No
E1993,Marketing,Content Creator,7,49,Yes
E1994,Education,Professor,11,40,No
E1995,Retail,Store Manager,13,38,Yes
E1996,Healthcare,Technician,30,52,Yes
E1997,Finance,Investment Analyst,9,52,Yes
E1998,Retail,Cashier,17,49,Yes
E1999,Marketing,Digital Marketer,20,41,No
E2000,Marketing,SEO Specialist,0,37,Yes
