employee_id,age,gender,education_level
E0001,50,Female,Bachelor
E0002,45,Male,High School
E0003,51,Female,Master
E0004,48,Male,PhD
E0005,24,Male,Bachelor
E0006,46,Male,High School
E0007,49,Male,PhD
E0008,57,Male,Bachelor
E0009,50,Other,Bachelor
E0010,52,Male,High School
E0011,45,Female,High School
E0012,36,Other,Master
E0013,32,Other,Bachelor
E0014,49,Female,High School
E0015,43,Other,Master
E0016,26,Other,Bachelor
E0017,47,Other,PhD
E0018,53,Other,Bachelor
E0019,50,Male,Bachelor
E0020,27,Female,PhD
E0021,54,Other,High School
E0022,27,Male,PhD
E0023,53,Other,Master
E0024,23,Female,PhD
E0025,23,Female,High School
E0026,23,Female,Master
E0027,32,Male,Master
E0028,27,Male,High School
E0029,24,Other,PhD
E0030,40,Other,PhD
E0031,39,Female,High School
E0032,28,Other,Bachelor
E0033,33,Female,PhD
E0034,37,Female,PhD
E0035,29,Female,High School
E0036,50,Female,High School
E0037,57,Other,PhD
E0038,24,Male,Bachelor
E0039,43,Male,High School
E0040,51,Male,Bachelor
E0041,25,Female,Master
E0042,27,Male,Master
E0043,52,Male,High School
E0044,39,Female,Master
E0045,45,Other,PhD
E0046,47,Male,Bachelor
E0047,50,Other,Bachelor
E0048,28,Female,Master
E0049,33,Female,PhD
E0050,43,Other,Bachelor
E0051,58,Male,Bachelor
E0052,25,Male,PhD
E0053,37,Female,Bachelor
E0054,47,Male,PhD
E0055,22,Other,Bachelor
E0056,22,Female,Master
E0057,47,Male,PhD
E0058,51,Male,Bachelor
E0059,57,Other,PhD
E0060,26,Female,High School
E0061,53,Male,High School
E0062,23,Male,Bachelor
E0063,56,Male,High School
E0064,22,Male,Master
E0065,23,Male,Bachelor
E0066,55,Female,Master
E0067,50,Male,High School
E0068,30,Other,High School
E0069,53,Other,High School
E0070,51,Male,Master
E0071,40,Female,PhD
E0072,28,Male,Bachelor
E0073,26,Female,High School
E0074,35,Other,Master
E0075,33,Other,PhD
E0076,34,Other,High School
E0077,58,Male,Bachelor
E0078,28,Female,PhD
E0079,48,Female,High School
E0080,49,Male,PhD
E0081,22,Male,Bachelor
E0082,54,Other,PhD
E0083,37,Male,High School
E0084,39,Other,Bachelor
E0085,32,Male,High School
E0086,49,Female,Bachelor
E0087,57,Male,PhD
E0088,49,Male,High School
E0089,26,Female,Bachelor
E0090,54,Male,Master
E0091,54,Other,Bachelor
E0092,27,Other,PhD
E0093,44,Other,High School
E0094,35,Female,PhD
E0095,22,Other,Bachelor
E0096,47,Female,PhD
E0097,22,Male,PhD
E0098,36,Male,High School
E0099,55,Female,Master
E0100,55,Male,High School
E0101,38,Female,Master
E0102,41,Other,Master
E0103,32,Other,Bachelor
E0104,37,Male,High School
E0105,40,Male,Master
E0106,26,Other,Master
E0107,48,Male,PhD
E0108,38,Female,PhD
E0109,43,Female,High School
E0110,35,Male,Bachelor
E0111,39,Male,Bachelor
E0112,31,Male,PhD
E0113,38,Other,Bachelor
E0114,57,Other,High School
E0115,58,Male,Master
E0116,58,Other,Master
E0117,25,Male,High School
E0118,52,Other,Master
E0119,32,Male,High School
E0120,23,Male,PhD
E0121,47,Other,Master
E0122,47,Female,Master
E0123,54,Other,PhD
E0124,34,Female,High School
E0125,32,Other,High School
E0126,35,Male,PhD
E0127,22,Male,Bachelor
E0128,51,Female,High School
E0129,25,Male,PhD
E0130,35,Female,High School
E0131,46,Female,PhD
E0132,27,Male,Bachelor
E0133,50,Male,Bachelor
E0134,54,Female,Master
E0135,23,Male,Bachelor
E0136,45,Male,PhD
E0137,33,Other,High School
E0138,47,Male,Bachelor
E0139,29,Other,Master
E0140,39,Other,Bachelor
E0141,57,Male,PhD
E0142,49,Male,High School
E0143,43,Male,PhD
E0144,44,Male,Bachelor
E0145,30,Female,Bachelor
E0146,47,Female,Bachelor
E0147,38,Other,High School
E0148,27,Female,High School
E0149,47,Male,PhD
E0150,41,Male,High School
E0151,51,Other,Bachelor
E0152,50,Male,Bachelor
E0153,49,Female,Master
E0154,29,Other,Bachelor
E0155,55,Male,Bachelor
E0156,24,Female,High School
E0157,24,Other,High School
E0158,53,Male,High School
E0159,39,Male,Bachelor
E0160,50,Male,Master
E0161,23,Other,Master
E0162,30,Other,High School
E0163,31,Female,High School
E0164,30,Male,High School
E0165,47,Female,Master
E0166,42,Other,PhD
E0167,59,Other,High School
E0168,55,Female,Bachelor
E0169,47,Other,Bachelor
E0170,22,Male,PhD
E0171,57,Other,PhD
E0172,45,Other,PhD
E0173,56,Other,PhD
E0174,30,Male,PhD
E0175,46,Male,Master
E0176,59,Male,Master
E0177,38,Other,High School
E0178,29,Female,High School
E0179,39,Male,PhD
E0180,37,Male,PhD
E0181,36,Female,High School
E0182,44,Female,High School
E0183,38,Other,Master
E0184,47,Other,PhD
E0185,54,Other,High School
E0186,55,Other,High School
E0187,50,Other,PhD
E0188,31,Male,Master
E0189,35,Male,Master
E0190,36,Female,High School
E0191,58,Male,PhD
E0192,34,Female,PhD
E0193,50,Other,Master
E0194,47,Other,High School
E0195,44,Other,Bachelor
E0196,39,Male,High School
E0197,30,Other,PhD
E0198,49,Other,Master
E0199,36,Female,PhD
E0200,29,Other,Master
E0201,34,Male,High School
E0202,50,Male,Bachelor
E0203,34,Female,Master
E0204,34,Male,PhD
E0205,28,Other,Bachelor
E0206,53,Male,PhD
E0207,35,Male,Master
E0208,38,Other,PhD
E0209,40,Male,Bachelor
E0210,58,Male,Master
E0211,48,Female,PhD
E0212,47,Male,Master
E0213,56,Other,PhD
E0214,36,Other,High School
E0215,50,Female,Master
E0216,50,Other,Master
E0217,43,Other,High School
E0218,41,Female,High School
E0219,55,Other,Master
E0220,36,Female,Bachelor
E0221,29,Female,Bachelor
E0222,45,Male,Bachelor
E0223,38,Other,High School
E0224,34,Male,PhD
E0225,46,Male,High School
E0226,38,Female,High School
E0227,31,Male,High School
E0228,51,Male,High School
E0229,47,Female,Master
E0230,32,Male,High School
E0231,53,Female,Bachelor
E0232,28,Male,Master
E0233,35,Other,Bachelor
E0234,40,Male,High School
E0235,39,Male,PhD
E0236,24,Female,High School
E0237,28,Female,Master
E0238,25,Other,Master
E0239,53,Female,Bachelor
E0240,36,Other,PhD
E0241,33,Female,Bachelor
E0242,47,Other,Master
E0243,23,Male,PhD
E0244,46,Female,Master
E0245,58,Male,PhD
E0246,52,Male,Master
E0247,31,Male,Master
E0248,22,Male,Bachelor
E0249,58,Male,PhD
E0250,41,Other,Bachelor
E0251,56,Other,Master
E0252,33,Male,Bachelor
E0253,55,Male,Master
E0254,44,Male,PhD
E0255,37,Male,High School
E0256,29,Male,High School
E0257,47,Female,Bachelor
E0258,33,Male,Bachelor
E0259,52,Male,PhD
E0260,27,Male,Master
E0261,34,Other,Bachelor
E0262,59,Other,Master
E0263,32,Male,Bachelor
E0264,33,Male,Bachelor
E0265,53,Female,High School
E0266,35,Female,High School
E0267,27,Female,Master
E0268,58,Male,PhD
E0269,42,Female,Master
E0270,36,Other,High School
E0271,25,Female,PhD
E0272,57,Male,Master
E0273,52,Female,Master
E0274,57,Male,Bachelor
E0275,34,Male,Bachelor
E0276,45,Other,Master
E0277,48,Male,PhD
E0278,57,Female,PhD
E0279,55,Male,Bachelor
E0280,56,Female,High School
E0281,46,Other,Bachelor
E0282,32,Female,High School
E0283,57,Male,Master
E0284,25,Female,Bachelor
E0285,53,Other,High School
E0286,24,Female,High School
E0287,57,Male,Master
E0288,51,Other,PhD
E0289,37,Other,High School
E0290,22,Female,High School
E0291,53,Other,High School
E0292,54,Other,PhD
E0293,32,Male,Bachelor
E0294,27,Female,High School
E0295,33,Male,High School
E0296,35,Female,High School
E0297,48,Other,Bachelor
E0298,23,Other,Master
E0299,37,Other,Bachelor
E0300,55,Female,Master
E0301,34,Other,Master
E0302,23,Other,High School
E0303,46,Male,High School
E0304,44,Other,Bachelor
E0305,28,Other,High School
E0306,50,Male,Bachelor
E0307,56,Other,Bachelor
E0308,23,Male,Bachelor
E0309,26,Male,PhD
E0310,53,Female,Bachelor
E0311,47,Female,PhD
E0312,50,Female,PhD
E0313,38,Male,Bachelor
E0314,42,Female,Bachelor
E0315,44,Male,PhD
E0316,29,Male,High School
E0317,26,Other,Master
E0318,36,Female,Master
E0319,53,Male,PhD
E0320,29,Female,Master
E0321,25,Other,PhD
E0322,42,Other,PhD
E0323,53,Other,High School
E0324,30,Female,Master
E0325,51,Female,PhD
E0326,56,Male,Master
E0327,42,Other,Master
E0328,53,Male,High School
E0329,23,Male,PhD
E0330,45,Female,Master
E0331,40,Female,Master
E0332,29,Other,Master
E0333,56,Male,Master
E0334,48,Male,High School
E0335,47,Female,High School
E0336,41,Female,Master
E0337,25,Other,High School
E0338,42,Male,PhD
E0339,38,Other,Master
E0340,25,Female,PhD
E0341,40,Other,Bachelor
E0342,57,Male,Bachelor
E0343,54,Other,Bachelor
E0344,35,Female,High School
E0345,31,Male,Master
E0346,38,Female,Bachelor
E0347,47,Other,Master
E0348,57,Other,PhD
E0349,45,Female,Bachelor
E0350,52,Male,High School
E0351,51,Other,PhD
E0352,52,Other,High School
E0353,41,Female,Bachelor
E0354,48,Other,Bachelor
E0355,42,Female,PhD
E0356,42,Female,Bachelor
E0357,46,Other,PhD
E0358,25,Male,Bachelor
E0359,55,Other,Master
E0360,55,Female,Bachelor
E0361,23,Other,Master
E0362,33,Female,Bachelor
E0363,42,Other,Bachelor
E0364,36,Male,High School
E0365,49,Other,PhD
E0366,54,Male,Bachelor
E0367,40,Male,PhD
E0368,58,Male,PhD
E0369,39,Other,PhD
E0370,24,Male,PhD
E0371,29,Male,Bachelor
E0372,40,Other,Bachelor
E0373,42,Other,Master
E0374,24,Other,Master
E0375,49,Female,Bachelor
E0376,32,Other,Bachelor
E0377,24,Female,High School
E0378,56,Other,Bachelor
E0379,44,Male,Bachelor
E0380,41,Other,High School
E0381,27,Female,Master
E0382,46,Female,High School
E0383,57,Female,PhD
E0384,39,Other,Master
E0385,59,Female,Master
E0386,41,Other,Master
E0387,43,Other,High School
E0388,49,Male,Master
E0389,35,Other,PhD
E0390,46,Male,Master
E0391,25,Male,High School
E0392,37,Other,Master
E0393,42,Female,Master
E0394,30,Female,Bachelor
E0395,44,Female,PhD
E0396,47,Female,High School
E0397,50,Male,PhD
E0398,33,Female,High School
E0399,22,Other,PhD
E0400,22,Male,PhD
E0401,41,Male,PhD
E0402,29,Other,Bachelor
E0403,30,Other,PhD
E0404,34,Other,Master
E0405,40,Other,High School
E0406,47,Male,High School
E0407,51,Female,High School
E0408,25,Other,PhD
E0409,54,Male,High School
E0410,50,Male,PhD
E0411,30,Male,High School
E0412,59,Female,PhD
E0413,33,Male,High School
E0414,52,Female,High School
E0415,57,Other,Master
E0416,53,Female,High School
E0417,53,Female,Bachelor
E0418,49,Male,High School
E0419,41,Male,High School
E0420,48,Female,High School
E0421,33,Male,Master
E0422,45,Male,Master
E0423,27,Other,PhD
E0424,58,Male,Bachelor
E0425,50,Male,High School
E0426,25,Female,Master
E0427,44,Other,PhD
E0428,42,Female,High School
E0429,45,Male,Master
E0430,38,Other,PhD
E0431,42,Other,PhD
E0432,48,Female,Master
E0433,49,Male,Bachelor
E0434,38,Male,Bachelor
E0435,32,Other,Master
E0436,38,Other,High School
E0437,25,Male,PhD
E0438,38,Female,PhD
E0439,26,Female,Master
E0440,53,Other,PhD
E0441,42,Male,High School
E0442,40,Other,Master
E0443,22,Male,High School
E0444,30,Other,High School
E0445,35,Other,Bachelor
E0446,35,Female,Bachelor
E0447,59,Female,PhD
E0448,23,Other,PhD
E0449,24,Male,PhD
E0450,34,Other,Bachelor
E0451,44,Male,High School
E0452,35,Female,Bachelor
E0453,44,Other,Bachelor
E0454,32,Female,Master
E0455,50,Other,Bachelor
E0456,27,Other,High School
E0457,22,Female,High School
E0458,39,Other,PhD
E0459,58,Female,Master
E0460,44,Female,Master
E0461,38,Male,PhD
E0462,33,Female,Bachelor
E0463,39,Female,High School
E0464,58,Male,Master
E0465,43,Male,High School
E0466,45,Male,Bachelor
E0467,49,Male,High School
E0468,31,Other,High School
E0469,59,Other,High School
E0470,24,Male,Bachelor
E0471,47,Male,Bachelor
E0472,33,Male,High School
E0473,58,Male,Master
E0474,33,Female,Master
E0475,30,Other,High School
E0476,43,Female,Master
E0477,49,Female,Master
E0478,30,Male,High School
E0479,43,Female,Bachelor
E0480,40,Female,High School
E0481,22,Female,PhD
E0482,47,Other,Master
E0483,54,Female,High School
E0484,27,Male,Bachelor
E0485,27,Other,Bachelor
E0486,32,Male,Master
E0487,37,Other,PhD
E0488,58,Other,Bachelor
E0489,27,Male,High School
E0490,37,Female,Master
E0491,53,Female,Bachelor
E0492,43,Other,Master
E0493,49,Female,Master
E0494,29,Other,PhD
E0495,34,Female,Bachelor
E0496,22,Male,Master
E0497,48,Male,High School
E0498,48,Female,Bachelor
E0499,44,Other,PhD
E0500,43,Male,High School
E0501,42,Male,PhD
E0502,28,Female,Master
E0503,36,Female,Bachelor
E0504,49,Female,Bachelor
E0505,24,Female,Bachelor
E0506,24,Male,Bachelor
E0507,52,Male,PhD
E0508,31,Female,High School
E0509,49,Female,PhD
E0510,34,Male,High School
E0511,35,Other,Bachelor
E0512,42,Male,PhD
E0513,53,Male,PhD
E0514,43,Other,Bachelor
E0515,22,Other,High School
E0516,53,Male,High School
E0517,38,Male,Master
E0518,41,Female,High School
E0519,22,Other,Master
E0520,40,Other,Bachelor
E0521,55,Male,Bachelor
E0522,54,Other,Bachelor
E0523,34,Male,High School
E0524,41,Other,High School
E0525,35,Female,Master
E0526,37,Female,Bachelor
E0527,33,Male,PhD
E0528,54,Other,Bachelor
E0529,25,Male,Master
E0530,40,Male,High School
E0531,29,Male,Bachelor
E0532,26,Other,Master
E0533,48,Female,Bachelor
E0534,45,Other,High School
E0535,50,Female,PhD
E0536,56,Male,Master
E0537,48,Male,PhD
E0538,57,Other,Master
E0539,46,Male,Bachelor
E0540,43,Other,PhD
E0541,25,Other,PhD
E0542,53,Female,Bachelor
E0543,42,Other,Bachelor
E0544,38,Male,Bachelor
E0545,44,Female,Bachelor
E0546,55,Other,PhD
E0547,37,Male,Master
E0548,40,Male,Master
E0549,59,Male,Master
E0550,38,Male,High School
E0551,49,Female,Bachelor
E0552,59,Male,Master
E0553,49,Male,Master
E0554,43,Other,PhD
E0555,24,Male,Bachelor
E0556,31,Male,PhD
E0557,40,Other,Master
E0558,46,Other,Master
E0559,53,Other,Bachelor
E0560,42,Female,High School
E0561,26,Female,Master
E0562,43,Other,Master
E0563,44,Female,Bachelor
E0564,39,Male,Bachelor
E0565,35,Male,Master
E0566,40,Male,PhD
E0567,54,Other,Bachelor
E0568,34,Female,Bachelor
E0569,50,Other,High School
E0570,28,Female,Bachelor
E0571,50,Female,PhD
E0572,50,Female,PhD
E0573,35,Other,Master
E0574,32,Male,High School
E0575,53,Female,Master
E0576,39,Other,Bachelor
E0577,24,Female,PhD
E0578,32,Male,PhD
E0579,49,Other,Bachelor
E0580,58,Female,PhD
E0581,58,Male,Master
E0582,49,Other,High School
E0583,47,Other,Master
E0584,34,Female,Master
E0585,23,Male,Bachelor
E0586,23,Male,Master
E0587,59,Female,Bachelor
E0588,53,Other,PhD
E0589,43,Male,Master
E0590,58,Other,High School
E0591,43,Male,PhD
E0592,27,Male,Bachelor
E0593,59,Female,PhD
E0594,41,Male,PhD
E0595,48,Other,PhD
E0596,32,Male,High School
E0597,56,Other,PhD
E0598,56,Other,Master
E0599,25,Female,Bachelor
E0600,46,Other,Bachelor
E0601,49,Female,High School
E0602,25,Male,High School
E0603,39,Female,PhD
E0604,26,Female,Master
E0605,40,Male,Master
E0606,43,Male,High School
E0607,54,Female,High School
E0608,49,Other,PhD
E0609,23,Other,PhD
E0610,43,Other,High School
E0611,37,Male,High School
E0612,44,Female,Master
E0613,52,Other,High School
E0614,33,Female,Bachelor
E0615,55,Female,PhD
E0616,59,Female,Bachelor
E0617,29,Female,Master
E0618,51,Female,Master
E0619,58,Female,Master
E0620,45,Other,Bachelor
E0621,31,Other,Master
E0622,52,Female,High School
E0623,34,Other,Bachelor
E0624,36,Male,High School
E0625,37,Other,Master
E0626,56,Female,PhD
E0627,38,Female,Bachelor
E0628,25,Female,PhD
E0629,59,Female,PhD
E0630,55,Male,PhD
E0631,53,Other,High School
E0632,46,Male,Bachelor
E0633,41,Male,Bachelor
E0634,38,Other,Bachelor
E0635,47,Other,Master
E0636,23,Other,Master
E0637,51,Female,Bachelor
E0638,36,Female,Bachelor
E0639,54,Female,Bachelor
E0640,32,Female,High School
E0641,35,Other,PhD
E0642,32,Male,High School
E0643,27,Male,Master
E0644,56,Male,Bachelor
E0645,49,Female,Bachelor
E0646,58,Female,PhD
E0647,34,Female,High School
E0648,56,Male,Bachelor
E0649,33,Other,Bachelor
E0650,52,Female,High School
E0651,47,Male,Bachelor
E0652,48,Female,High School
E0653,55,Female,Bachelor
E0654,46,Male,Bachelor
E0655,43,Other,Bachelor
E0656,36,Male,Master
E0657,44,Other,Bachelor
E0658,24,Other,Bachelor
E0659,26,Male,High School
E0660,50,Female,High School
E0661,51,Female,PhD
E0662,29,Other,Master
E0663,42,Male,High School
E0664,22,Female,Bachelor
E0665,43,Male,Bachelor
E0666,47,Male,PhD
E0667,56,Male,High School
E0668,27,Other,Master
E0669,26,Female,Bachelor
E0670,25,Female,Master
E0671,36,Male,High School
E0672,40,Female,PhD
E0673,38,Other,Bachelor
E0674,35,Male,PhD
E0675,37,Female,Master
E0676,52,Female,Master
E0677,23,Female,Master
E0678,51,Other,PhD
E0679,55,Male,High School
E0680,25,Female,PhD
E0681,53,Other,High School
E0682,32,Male,Master
E0683,26,Other,Master
E0684,24,Other,Bachelor
E0685,30,Female,PhD
E0686,51,Female,Bachelor
E0687,31,Male,Master
E0688,35,Female,Master
E0689,42,Male,Master
E0690,39,Male,Master
E0691,33,Male,Bachelor
E0692,29,Male,Bachelor
E0693,42,Male,High School
E0694,58,Female,High School
E0695,24,Male,Bachelor
E0696,58,Male,Master
E0697,57,Other,PhD
E0698,40,Female,High School
E0699,57,Other,Master
E0700,36,Female,Bachelor
E0701,32,Female,Master
E0702,30,Female,Master
E0703,42,Male,PhD
E0704,23,Male,PhD
E0705,32,Male,Master
E0706,38,Male,Bachelor
E0707,23,Male,Master
E0708,32,Male,PhD
E0709,23,Other,High School
E0710,49,Female,PhD
E0711,34,Male,Bachelor
E0712,43,Male,Bachelor
E0713,53,Other,High School
E0714,55,Female,Master
E0715,48,Female,PhD
E0716,58,Male,Master
E0717,35,Male,Master
E0718,27,Female,High School
E0719,53,Male,Bachelor
E0720,53,Female,Master
E0721,35,Other,Bachelor
E0722,53,Female,Bachelor
E0723,48,Male,Bachelor
E0724,54,Female,PhD
E0725,44,Other,Master
E0726,46,Other,Bachelor
E0727,22,Other,Master
E0728,45,Other,Master
E0729,24,Female,High School
E0730,50,Other,PhD
E0731,56,Female,High School
E0732,25,Other,Master
E0733,34,Other,High School
E0734,40,Female,Bachelor
E0735,49,Female,PhD
E0736,36,Female,High School
E0737,40,Male,Master
E0738,28,Male,Master
E0739,33,Male,PhD
E0740,34,Female,Bachelor
E0741,53,Female,Master
E0742,44,Female,Bachelor
E0743,57,Male,Master
E0744,36,Male,Bachelor
E0745,59,Male,High School
E0746,31,Male,PhD
E0747,54,Male,PhD
E0748,47,Male,Master
E0749,45,Other,PhD
E0750,39,Male,Master
E0751,38,Male,PhD
E0752,33,Male,Bachelor
E0753,27,Male,PhD
E0754,58,Female,Bachelor
E0755,42,Male,High School
E0756,39,Female,Master
E0757,54,Other,Master
E0758,55,Female,Bachelor
E0759,35,Other,Bachelor
E0760,53,Female,PhD
E0761,36,Female,Bachelor
E0762,27,Other,PhD
E0763,41,Female,High School
E0764,24,Other,Master
E0765,28,Male,High School
E0766,31,Male,Master
E0767,46,Other,High School
E0768,44,Female,Master
E0769,35,Other,Master
E0770,53,Male,Master
E0771,55,Other,PhD
E0772,26,Female,PhD
E0773,33,Female,Bachelor
E0774,45,Other,High School
E0775,33,Male,High School
E0776,47,Male,High School
E0777,44,Other,Master
E0778,29,Male,PhD
E0779,46,Male,Bachelor
E0780,44,Other,PhD
E0781,48,Female,High School
E0782,41,Male,Bachelor
E0783,34,Male,Master
E0784,23,Other,PhD
E0785,32,Other,High School
E0786,39,Male,Bachelor
E0787,46,Other,Bachelor
E0788,50,Female,PhD
E0789,22,Female,Bachelor
E0790,46,Other,Bachelor
E0791,52,Male,PhD
E0792,30,Female,Bachelor
E0793,37,Female,High School
E0794,39,Male,High School
E0795,52,Male,Master
E0796,32,Female,PhD
E0797,58,Female,High School
E0798,44,Female,Master
E0799,52,Other,PhD
E0800,23,Male,Master
E0801,56,Female,PhD
E0802,40,Male,Bachelor
E0803,40,Male,High School
E0804,29,Other,High School
E0805,34,Male,High School
E0806,27,Female,PhD
E0807,55,Male,Master
E0808,51,Female,PhD
E0809,22,Male,High School
E0810,24,Other,High School
E0811,28,Female,Bachelor
E0812,57,Male,PhD
E0813,53,Male,PhD
E0814,52,Female,High School
E0815,35,Female,High School
E0816,29,Female,High School
E0817,53,Male,Bachelor
E0818,35,Male,High School
E0819,29,Female,Bachelor
E0820,43,Male,High School
E0821,38,Other,PhD
E0822,27,Female,High School
E0823,58,Female,Master
E0824,43,Female,PhD
E0825,22,Male,High School
E0826,53,Other,Master
E0827,37,Male,Bachelor
E0828,34,Male,High School
E0829,39,Female,PhD
E0830,39,Male,High School
E0831,50,Female,Bachelor
E0832,41,Other,Bachelor
E0833,28,Male,High School
E0834,50,Female,Bachelor
E0835,38,Other,High School
E0836,55,Male,Bachelor
E0837,22,Male,Master
E0838,37,Male,Master
E0839,44,Male,Bachelor
E0840,35,Female,Master
E0841,27,Other,Master
E0842,39,Male,High School
E0843,48,Male,High School
E0844,23,Female,Bachelor
E0845,50,Female,Master
E0846,44,Male,Master
E0847,22,Other,Bachelor
E0848,47,Female,Bachelor
E0849,33,Other,Master
E0850,23,Female,PhD
E0851,31,Male,PhD
E0852,45,Male,PhD
E0853,38,Female,Master
E0854,42,Other,PhD
E0855,41,Female,PhD
E0856,52,Male,Bachelor
E0857,30,Female,High School
E0858,47,Other,Master
E0859,24,Other,PhD
E0860,24,Other,Master
E0861,28,Female,Master
E0862,46,Female,High School
E0863,27,Male,PhD
E0864,54,Other,High School
E0865,47,Male,High School
E0866,34,Male,Master
E0867,30,Male,Master
E0868,41,Female,Bachelor
E0869,37,Male,High School
E0870,39,Male,PhD
E0871,53,Female,Master
E0872,26,Female,PhD
E0873,36,Male,Master
E0874,32,Female,High School
E0875,33,Male,Bachelor
E0876,24,Female,Bachelor
E0877,42,Other,High School
E0878,31,Male,Master
E0879,23,Other,Master
E0880,50,Female,PhD
E0881,51,Female,Master
E0882,43,Other,High School
E0883,59,Other,PhD
E0884,45,Female,Master
E0885,48,Female,PhD
E0886,55,Male,PhD
E0887,42,Female,High School
E0888,39,Female,PhD
E0889,32,Female,Master
E0890,25,Male,Bachelor
E0891,33,Male,Bachelor
E0892,47,Female,Bachelor
E0893,32,Female,Master
E0894,58,Male,Master
E0895,58,Male,Bachelor
E0896,36,Other,PhD
E0897,36,Other,High School
E0898,58,Female,Bachelor
E0899,44,Female,PhD
E0900,46,Other,Bachelor
E0901,26,Female,High School
E0902,55,Other,Bachelor
E0903,59,Female,PhD
E0904,31,Female,High School
E0905,33,Other,Bachelor
E0906,57,Female,High School
E0907,35,Female,High School
E0908,26,Other,PhD
E0909,48,Other,PhD
E0910,59,Other,Bachelor
E0911,45,Other,Master
E0912,36,Other,Bachelor
E0913,43,Male,High School
E0914,42,Other,High School
E0915,44,Female,Bachelor
E0916,34,Other,Master
E0917,41,Female,Bachelor
E0918,55,Male,High School
E0919,26,Female,PhD
E0920,29,Male,Bachelor
E0921,38,Other,PhD
E0922,40,Male,Master
E0923,50,Other,PhD
E0924,22,Male,PhD
E0925,41,Other,Bachelor
E0926,50,Female,PhD
E0927,56,Male,Master
E0928,41,Female,High School
E0929,27,Male,Master
E0930,23,Male,PhD
E0931,41,Male,Bachelor
E0932,38,Female,Master
E0933,57,Female,Master
E0934,45,Other,PhD
E0935,38,Male,High School
E0936,49,Male,PhD
E0937,41,Male,Master
E0938,53,Male,High School
E0939,50,Female,PhD
E0940,39,Male,High School
E0941,29,Male,PhD
E0942,41,Female,Bachelor
E0943,59,Female,High School
E0944,26,Female,High School
E0945,51,Other,PhD
E0946,55,Female,Master
E0947,36,Female,PhD
E0948,24,Male,High School
E0949,31,Other,Master
E0950,34,Male,Bachelor
E0951,25,Male,Master
E0952,34,Female,Bachelor
E0953,56,Male,High School
E0954,47,Female,High School
E0955,41,Male,High School
E0956,54,Other,PhD
E0957,32,Other,High School
E0958,32,Female,Master
E0959,37,Other,Master
E0960,44,Male,Bachelor
E0961,36,Male,PhD
E0962,26,Other,High School
E0963,31,Other,Bachelor
E0964,59,Male,PhD
E0965,26,Male,Bachelor
E0966,47,Female,High School
E0967,36,Male,Master
E0968,25,Male,High School
E0969,32,Male,Bachelor
E0970,48,Female,Bachelor
E0971,52,Other,PhD
E0972,39,Other,High School
E0973,59,Male,High School
E0974,27,Female,High School
E0975,59,Other,Master
E0976,24,Male,High School
E0977,23,Female,Bachelor
E0978,46,Female,PhD
E0979,29,Male,Bachelor
E0980,52,Female,Master
E0981,37,Other,Bachelor
E0982,37,Male,High School
E0983,48,Other,High School
E0984,50,Female,Master
E0985,46,Female,PhD
E0986,46,Male,Master
E0987,39,Female,High School
E0988,22,Other,High School
E0989,24,Female,Master
E0990,45,Other,Master
E0991,38,Female,Bachelor
E0992,25,Other,High School
E0993,44,Other,High School
E0994,36,Male,PhD
E0995,57,Other,Bachelor
E0996,57,Female,High School
E0997,43,Male,Master
E0998,57,Male,Master
E0999,57,Male,Bachelor
E1000,52,Other,Bachelor
E1001,35,Male,High School
E1002,41,Male,Master
E1003,33,Male,PhD
E1004,53,Other,Master
E1005,54,Other,Bachelor
E1006,46,Female,Master
E1007,37,Male,High School
E1008,39,Female,PhD
E1009,25,Male,Master
E1010,26,Male,Bachelor
E1011,50,Other,Master
E1012,24,Other,High School
E1013,52,Other,Bachelor
E1014,31,Other,High School
E1015,24,Male,Bachelor
E1016,33,Female,High School
E1017,57,Other,Bachelor
E1018,51,Other,High School
E1019,40,Other,Bachelor
E1020,48,Male,Bachelor
E1021,40,Female,Bachelor
E1022,53,Other,PhD
E1023,47,Female,Bachelor
E1024,39,Male,PhD
E1025,47,Male,Master
E1026,45,Male,Master
E1027,43,Male,High School
E1028,28,Other,High School
E1029,23,Other,High School
E1030,24,Male,Bachelor
E1031,24,Female,Master
E1032,51,Other,Master
E1033,34,Male,PhD
E1034,57,Female,Master
E1035,36,Other,Master
E1036,53,Male,PhD
E1037,50,Other,High School
E1038,47,Other,Bachelor
E1039,48,Female,PhD
E1040,38,Female,Bachelor
E1041,23,Other,High School
E1042,45,Male,Bachelor
E1043,23,Female,High School
E1044,42,Male,High School
E1045,53,Other,PhD
E1046,26,Male,PhD
E1047,51,Female,Bachelor
E1048,24,Other,Bachelor
E1049,54,Female,High School
E1050,46,Male,High School
E1051,57,Male,Master
E1052,39,Male,PhD
E1053,39,Female,Bachelor
E1054,42,Other,High School
E1055,40,Other,Master
E1056,39,Female,PhD
E1057,27,Other,Bachelor
E1058,31,Other,High School
E1059,37,Female,Master
E1060,42,Other,PhD
E1061,23,Female,PhD
E1062,54,Female,Master
E1063,52,Other,PhD
E1064,45,Other,High School
E1065,39,Male,Bachelor
E1066,43,Other,Bachelor
E1067,57,Male,Master
E1068,50,Other,High School
E1069,25,Female,High School
E1070,23,Female,PhD
E1071,31,Male,High School
E1072,35,Other,High School
E1073,40,Male,High School
E1074,25,Male,High School
E1075,29,Other,PhD
E1076,43,Male,Bachelor
E1077,50,Other,PhD
E1078,27,Male,PhD
E1079,55,Female,Master
E1080,49,Female,PhD
E1081,50,Male,PhD
E1082,29,Other,High School
E1083,29,Female,High School
E1084,49,Male,High School
E1085,28,Male,Master
E1086,32,Other,Master
E1087,40,Female,High School
E1088,46,Male,High School
E1089,31,Other,Bachelor
E1090,54,Male,PhD
E1091,23,Female,PhD
E1092,51,Other,Master
E1093,29,Female,Master
E1094,40,Male,Master
E1095,38,Other,Bachelor
E1096,36,Other,High School
E1097,43,Male,Master
E1098,59,Other,PhD
E1099,38,Female,High School
E1100,50,Other,PhD
E1101,34,Male,PhD
E1102,24,Male,Bachelor
E1103,57,Other,Bachelor
E1104,51,Other,Master
E1105,37,Male,Bachelor
E1106,28,Other,High School
E1107,55,Female,PhD
E1108,23,Male,Bachelor
E1109,54,Female,Bachelor
E1110,48,Male,Bachelor
E1111,26,Male,Master
E1112,59,Other,High School
E1113,29,Female,Bachelor
E1114,48,Other,High School
E1115,37,Male,High School
E1116,50,Other,Master
E1117,33,Male,Master
E1118,56,Male,Master
E1119,37,Other,PhD
E1120,33,Female,High School
E1121,50,Male,High School
E1122,32,Other,Bachelor
E1123,44,Other,PhD
E1124,51,Other,PhD
E1125,48,Other,PhD
E1126,59,Female,PhD
E1127,33,Male,High School
E1128,27,Other,Bachelor
E1129,33,Other,PhD
E1130,42,Female,PhD
E1131,50,Other,Master
E1132,25,Other,Bachelor
E1133,45,Male,Bachelor
E1134,23,Female,Master
E1135,37,Male,High School
E1136,59,Female,Master
E1137,47,Female,High School
E1138,40,Other,Master
E1139,46,Other,Master
E1140,22,Other,High School
E1141,35,Other,High School
E1142,38,Male,High School
E1143,27,Female,PhD
E1144,54,Other,PhD
E1145,50,Female,PhD
E1146,36,Male,Master
E1147,26,Other,Master
E1148,51,Male,High School
E1149,38,Other,Master
E1150,55,Other,High School
E1151,44,Male,PhD
E1152,43,Other,PhD
E1153,27,Other,High School
E1154,32,Other,High School
E1155,54,Other,PhD
E1156,31,Other,High School
E1157,32,Male,Master
E1158,28,Other,PhD
E1159,55,Other,Bachelor
E1160,22,Other,High School
E1161,33,Female,Master
E1162,26,Female,High School
E1163,47,Female,PhD
E1164,50,Male,PhD
E1165,31,Male,Bachelor
E1166,22,Other,High School
E1167,48,Male,PhD
E1168,40,Other,PhD
E1169,30,Female,PhD
E1170,58,Other,PhD
E1171,54,Other,PhD
E1172,31,Female,Bachelor
E1173,40,Female,Master
E1174,42,Other,High School
E1175,43,Other,High School
E1176,55,Other,Master
E1177,52,Other,PhD
E1178,57,Other,Bachelor
E1179,59,Female,Master
E1180,39,Female,Master
E1181,44,Female,High School
E1182,31,Female,PhD
E1183,49,Female,High School
E1184,53,Female,Master
E1185,31,Other,Bachelor
E1186,41,Other,PhD
E1187,43,Male,PhD
E1188,23,Other,Master
E1189,34,Male,Bachelor
E1190,59,Male,High School
E1191,31,Other,Master
E1192,25,Other,Master
E1193,38,Other,Master
E1194,46,Female,Bachelor
E1195,47,Other,Master
E1196,37,Female,Bachelor
E1197,23,Female,High School
E1198,31,Male,High School
E1199,23,Male,High School
E1200,35,Male,Master
E1201,39,Male,Bachelor
E1202,24,Other,Bachelor
E1203,30,Male,Master
E1204,32,Female,Master
E1205,51,Male,PhD
E1206,34,Male,Bachelor
E1207,34,Other,PhD
E1208,49,Male,Bachelor
E1209,35,Male,High School
E1210,34,Female,PhD
E1211,24,Male,PhD
E1212,54,Male,PhD
E1213,54,Female,PhD
E1214,59,Female,Master
E1215,45,Male,Master
E1216,30,Female,Bachelor
E1217,36,Female,High School
E1218,39,Male,Bachelor
E1219,26,Male,PhD
E1220,33,Other,Bachelor
E1221,23,Other,PhD
E1222,38,Female,Bachelor
E1223,36,Female,PhD
E1224,31,Male,High School
E1225,58,Female,Master
E1226,46,Other,High School
E1227,26,Male,PhD
E1228,23,Other,PhD
E1229,37,Male,PhD
E1230,23,Female,Master
E1231,50,Other,PhD
E1232,38,Male,PhD
E1233,43,Male,Bachelor
E1234,52,Female,PhD
E1235,27,Female,High School
E1236,52,Other,PhD
E1237,51,Female,High School
E1238,33,Male,Bachelor
E1239,43,Male,Bachelor
E1240,39,Male,High School
E1241,30,Male,PhD
E1242,53,Other,High School
E1243,54,Female,PhD
E1244,35,Other,High School
E1245,41,Other,High School
E1246,53,Female,Bachelor
E1247,33,Male,Master
E1248,39,Male,PhD
E1249,50,Female,PhD
E1250,46,Other,High School
E1251,22,Male,High School
E1252,36,Other,High School
E1253,40,Other,Master
E1254,45,Male,Bachelor
E1255,38,Other,PhD
E1256,32,Other,Master
E1257,25,Other,Bachelor
E1258,31,Other,High School
E1259,35,Female,Master
E1260,57,Female,High School
E1261,36,Female,Master
E1262,43,Male,High School
E1263,42,Male,PhD
E1264,43,Female,PhD
E1265,26,Male,Bachelor
E1266,38,Other,PhD
E1267,46,Female,High School
E1268,29,Other,PhD
E1269,22,Female,PhD
E1270,50,Male,Master
E1271,38,Female,Master
E1272,38,Male,Master
E1273,41,Other,High School
E1274,43,Male,Bachelor
E1275,48,Male,PhD
E1276,53,Male,Master
E1277,25,Female,PhD
E1278,57,Female,Bachelor
E1279,48,Female,Bachelor
E1280,47,Male,Bachelor
E1281,57,Other,PhD
E1282,32,Male,Bachelor
E1283,34,Female,Bachelor
E1284,30,Other,High School
E1285,32,Male,Bachelor
E1286,35,Female,High School
E1287,30,Female,Bachelor
E1288,57,Male,Master
E1289,33,Male,High School
E1290,24,Male,PhD
E1291,25,Male,High School
E1292,24,Female,High School
E1293,52,Male,PhD
E1294,46,Male,High School
E1295,35,Male,High School
E1296,25,Other,Bachelor
E1297,56,Male,High School
E1298,40,Other,High School
E1299,37,Male,Master
E1300,54,Male,Bachelor
E1301,54,Female,Master
E1302,55,Other,Master
E1303,55,Other,PhD
E1304,43,Male,Master
E1305,26,Male,Bachelor
E1306,26,Male,Master
E1307,47,Female,Bachelor
E1308,52,Female,Bachelor
E1309,47,Female,Master
E1310,24,Other,Bachelor
E1311,42,Other,Master
E1312,29,Other,Master
E1313,41,Other,Bachelor
E1314,51,Other,Bachelor
E1315,52,Female,High School
E1316,47,Other,Master
E1317,45,Other,PhD
E1318,31,Female,High School
E1319,40,Female,PhD
E1320,29,Male,High School
E1321,26,Female,Master
E1322,29,Female,Bachelor
E1323,52,Male,Master
E1324,37,Other,Master
E1325,37,Other,High School
E1326,33,Female,Bachelor
E1327,39,Female,Master
E1328,24,Female,Bachelor
E1329,34,Male,High School
E1330,57,Male,Bachelor
E1331,43,Other,PhD
E1332,34,Female,High School
E1333,38,Female,Master
E1334,37,Male,Bachelor
E1335,29,Female,PhD
E1336,26,Male,Master
E1337,24,Female,Master
E1338,59,Other,Bachelor
E1339,57,Female,High School
E1340,37,Male,Bachelor
E1341,48,Other,PhD
E1342,40,Female,High School
E1343,31,Female,High School
E1344,34,Other,Bachelor
E1345,23,Other,PhD
E1346,25,Other,Bachelor
E1347,42,Female,Master
E1348,58,Male,PhD
E1349,46,Male,Master
E1350,57,Male,High School
E1351,46,Female,High School
E1352,28,Male,Bachelor
E1353,44,Male,Bachelor
E1354,31,Female,Bachelor
E1355,23,Female,Master
E1356,43,Male,Bachelor
E1357,24,Female,Master
E1358,44,Male,High School
E1359,33,Female,Master
E1360,56,Female,PhD
E1361,46,Female,High School
E1362,53,Male,Master
E1363,33,Male,Master
E1364,52,Other,PhD
E1365,43,Other,Master
E1366,23,Female,Bachelor
E1367,57,Other,PhD
E1368,58,Male,Bachelor
E1369,52,Other,PhD
E1370,39,Other,High School
E1371,38,Other,PhD
E1372,25,Other,High School
E1373,56,Female,Master
E1374,58,Other,Bachelor
E1375,59,Male,Bachelor
E1376,40,Other,PhD
E1377,44,Male,Bachelor
E1378,22,Male,Bachelor
E1379,50,Male,PhD
E1380,38,Other,Master
E1381,41,Other,PhD
E1382,40,Female,High School
E1383,38,Other,Master
E1384,23,Male,Bachelor
E1385,59,Male,PhD
E1386,50,Other,PhD
E1387,50,Female,Master
E1388,51,Female,Bachelor
E1389,34,Male,High School
E1390,34,Female,Bachelor
E1391,43,Female,High School
E1392,37,Other,PhD
E1393,32,Other,Bachelor
E1394,45,Other,Master
E1395,29,Female,High School
E1396,44,Male,PhD
E1397,55,Female,High School
E1398,39,Other,Bachelor
E1399,39,Female,Master
E1400,36,Female,Master
E1401,29,Female,Bachelor
E1402,34,Male,High School
E1403,25,Male,Bachelor
E1404,28,Female,High School
E1405,47,Male,Bachelor
E1406,36,Male,Master
E1407,30,Male,PhD
E1408,52,Other,Master
E1409,32,Other,Bachelor
E1410,47,Female,Master
E1411,57,Male,Bachelor
E1412,38,Female,Master
E1413,46,Female,Bachelor
E1414,47,Other,PhD
E1415,59,Other,Master
E1416,25,Other,Bachelor
E1417,31,Female,PhD
E1418,25,Other,Master
E1419,57,Other,Master
E1420,52,Other,High School
E1421,56,Male,Bachelor
E1422,27,Other,High School
E1423,40,Female,High School
E1424,31,Male,Master
E1425,37,Female,PhD
E1426,56,Female,Master
E1427,22,Male,PhD
E1428,50,Other,Bachelor
E1429,33,Female,High School
E1430,56,Female,PhD
E1431,27,Other,Bachelor
E1432,25,Other,Bachelor
E1433,36,Other,Bachelor
E1434,44,Other,Master
E1435,47,Other,PhD
E1436,40,Female,High School
E1437,35,Other,Master
E1438,40,Other,Master
E1439,37,Other,Bachelor
E1440,34,Female,Bachelor
E1441,45,Male,High School
E1442,23,Female,Master
E1443,33,Male,High School
E1444,44,Other,High School
E1445,44,Other,Bachelor
E1446,46,Female,High School
E1447,42,Other,Bachelor
E1448,25,Male,Master
E1449,48,Other,Master
E1450,55,Other,PhD
E1451,33,Female,Master
E1452,37,Other,Bachelor
E1453,38,Female,PhD
E1454,56,Male,High School
E1455,29,Female,Bachelor
E1456,51,Male,Bachelor
E1457,28,Male,High School
E1458,57,Male,Bachelor
E1459,47,Male,High School
E1460,22,Other,Master
E1461,29,Other,Master
E1462,53,Female,High School
E1463,26,Other,Master
E1464,29,Other,PhD
E1465,57,Male,High School
E1466,49,Female,High School
E1467,22,Male,High School
E1468,36,Female,High School
E1469,44,Female,Bachelor
E1470,48,Other,PhD
E1471,41,Male,PhD
E1472,50,Female,High School
E1473,48,Male,PhD
E1474,33,Male,Master
E1475,55,Male,High School
E1476,36,Female,PhD
E1477,43,Female,Bachelor
E1478,26,Male,PhD
E1479,36,Male,Bachelor
E1480,29,Male,Bachelor
E1481,36,Female,Bachelor
E1482,49,Other,High School
E1483,26,Male,Master
E1484,44,Other,PhD
E1485,42,Female,High School
E1486,44,Male,Master
E1487,28,Male,Master
E1488,37,Other,Bachelor
E1489,42,Female,Bachelor
E1490,47,Male,PhD
E1491,44,Other,Bachelor
E1492,49,Female,High School
E1493,32,Female,High School
E1494,47,Female,PhD
E1495,46,Other,Master
E1496,44,Other,Master
E1497,33,Male,High School
E1498,49,Female,Bachelor
E1499,46,Male,Bachelor
E1500,50,Female,Master
E1501,40,Male,High School
E1502,25,Female,Bachelor
E1503,32,Other,Bachelor
E1504,46,Other,High School
E1505,40,Female,High School
E1506,59,Male,PhD
E1507,25,Male,Master
E1508,49,Other,Master
E1509,32,Male,Bachelor
E1510,55,Female,Master
E1511,49,Female,Bachelor
E1512,33,Other,High School
E1513,54,Other,High School
E1514,55,Female,Bachelor
E1515,40,Female,Master
E1516,45,Male,PhD
E1517,33,Other,High School
E1518,48,Female,Bachelor
E1519,23,Female,Bachelor
E1520,36,Other,PhD
E1521,24,Male,Bachelor
E1522,38,Male,PhD
E1523,46,Male,Master
E1524,42,Female,Bachelor
E1525,52,Female,Bachelor
E1526,26,Other,PhD
E1527,47,Female,Bachelor
E1528,52,Female,PhD
E1529,53,Male,Bachelor
E1530,22,Female,Bachelor
E1531,29,Female,PhD
E1532,28,Other,Bachelor
E1533,57,Male,PhD
E1534,59,Female,High School
E1535,33,Other,Bachelor
E1536,51,Other,Bachelor
E1537,39,Male,PhD
E1538,43,Other,Bachelor
E1539,29,Female,PhD
E1540,47,Male,PhD
E1541,49,Female,PhD
E1542,26,Female,Master
E1543,52,Other,PhD
E1544,36,Female,Master
E1545,25,Female,Bachelor
E1546,29,Female,Master
E1547,25,Male,PhD
E1548,59,Male,Master
E1549,52,Male,PhD
E1550,46,Male,High School
E1551,44,Female,Bachelor
E1552,55,Female,Master
E1553,55,Male,Bachelor
E1554,44,Female,PhD
E1555,41,Other,Bachelor
E1556,59,Male,PhD
E1557,36,Other,Master
E1558,30,Female,Bachelor
E1559,51,Other,Master
E1560,29,Male,Bachelor
E1561,32,Female,High School
E1562,38,Other,High School
E1563,49,Female,Master
E1564,53,Other,High School
E1565,27,Male,Master
E1566,54,Female,PhD
E1567,27,Other,High School
E1568,40,Other,High School
E1569,55,Female,Master
E1570,47,Female,Bachelor
E1571,37,Other,Master
E1572,43,Female,Bachelor
E1573,55,Female,Master
E1574,36,Other,High School
E1575,36,Other,PhD
E1576,27,Male,High School
E1577,48,Male,Bachelor
E1578,33,Female,High School
E1579,56,Other,High School
E1580,26,Other,High School
E1581,31,Other,Master
E1582,27,Male,High School
E1583,45,Other,Bachelor
E1584,33,Female,Bachelor
E1585,29,Female,PhD
E1586,53,Female,Master
E1587,38,Female,High School
E1588,49,Other,High School
E1589,31,Other,High School
E1590,52,Female,PhD
E1591,55,Male,PhD
E1592,26,Male,High School
E1593,35,Female,PhD
E1594,29,Female,Bachelor
E1595,38,Female,PhD
E1596,24,Female,Master
E1597,34,Female,Bachelor
E1598,57,Female,PhD
E1599,24,Other,PhD
E1600,24,Male,High School
E1601,33,Other,Bachelor
E1602,59,Female,Bachelor
E1603,25,Other,Bachelor
E1604,33,Male,Master
E1605,24,Female,PhD
E1606,41,Other,PhD
E1607,34,Male,Master
E1608,58,Other,Master
E1609,50,Other,Bachelor
E1610,44,Female,Master
E1611,40,Other,Bachelor
E1612,47,Male,High School
E1613,25,Other,High School
E1614,57,Male,Master
E1615,50,Female,Master
E1616,34,Female,High School
E1617,27,Male,High School
E1618,42,Other,Master
E1619,43,Male,Master
E1620,46,Other,Bachelor
E1621,48,Female,Master
E1622,24,Male,PhD
E1623,59,Other,Master
E1624,50,Female,PhD
E1625,50,Female,Bachelor
E1626,48,Male,PhD
E1627,47,Other,Bachelor
E1628,29,Male,Master
E1629,45,Female,Bachelor
E1630,34,Other,High School
E1631,39,Female,Master
E1632,22,Female,Bachelor
E1633,31,Other,PhD
E1634,48,Male,Master
E1635,48,Other,PhD
E1636,51,Male,PhD
E1637,41,Other,Master
E1638,23,Other,Bachelor
E1639,51,Other,Master
E1640,26,Female,Master
E1641,38,Male,Master
E1642,27,Other,PhD
E1643,53,Female,PhD
E1644,43,Male,Bachelor
E1645,52,Male,PhD
E1646,47,Female,High School
E1647,44,Female,Bachelor
E1648,37,Female,Master
E1649,24,Female,PhD
E1650,28,Male,High School
E1651,27,Other,PhD
E1652,42,Male,High School
E1653,58,Female,Bachelor
E1654,39,Female,High School
E1655,38,Female,Master
E1656,49,Female,Master
E1657,50,Other,PhD
E1658,30,Female,Master
E1659,39,Male,High School
E1660,40,Other,Master
E1661,50,Other,Master
E1662,36,Male,Master
E1663,54,Male,High School
E1664,22,Other,Bachelor
E1665,38,Other,Master
E1666,42,Other,PhD
E1667,45,Female,Bachelor
E1668,59,Male,High School
E1669,34,Male,PhD
E1670,26,Male,Bachelor
E1671,45,Other,PhD
E1672,59,Female,Bachelor
E1673,34,Male,Master
E1674,25,Other,Bachelor
E1675,44,Male,High School
E1676,56,Male,Bachelor
E1677,42,Female,Bachelor
E1678,54,Male,Bachelor
E1679,24,Female,PhD
E1680,48,Other,Bachelor
E1681,47,Female,Master
E1682,52,Other,Bachelor
E1683,47,Male,Master
E1684,45,Female,PhD
E1685,25,Male,High School
E1686,32,Male,PhD
E1687,31,Male,Bachelor
E1688,34,Other,Master
E1689,46,Female,PhD
E1690,29,Female,High School
E1691,57,Other,Bachelor
E1692,40,Female,Master
E1693,25,Male,Master
E1694,35,Male,PhD
E1695,56,Other,Bachelor
E1696,22,Male,PhD
E1697,36,Other,Master
E1698,56,Female,Bachelor
E1699,52,Other,High School
E1700,58,Other,High School
E1701,57,Female,Bachelor
E1702,53,Male,Bachelor
E1703,22,Female,High School
E1704,30,Male,Master
E1705,34,Other,Bachelor
E1706,29,Male,Master
E1707,24,Female,Bachelor
E1708,40,Female,High School
E1709,23,Other,Bachelor
E1710,37,Male,Bachelor
E1711,33,Male,Master
E1712,49,Other,PhD
E1713,59,Male,High School
E1714,58,Female,Bachelor
E1715,58,Female,Bachelor
E1716,39,Male,High School
E1717,46,Female,Bachelor
E1718,37,Other,Bachelor
E1719,33,Male,PhD
E1720,50,Male,Bachelor
E1721,35,Male,Bachelor
E1722,37,Female,Master
E1723,51,Other,Master
E1724,53,Other,Master
E1725,55,Other,Master
E1726,39,Female,Master
E1727,35,Male,Master
E1728,41,Other,High School
E1729,51,Male,High School
E1730,31,Female,PhD
E1731,48,Female,High School
E1732,23,Male,Master
E1733,58,Female,PhD
E1734,45,Male,High School
E1735,56,Male,Master
E1736,38,Female,High School
E1737,53,Male,Master
E1738,30,Other,Bachelor
E1739,25,Female,PhD
E1740,59,Male,High School
E1741,29,Other,PhD
E1742,34,Other,Bachelor
E1743,23,Other,PhD
E1744,41,Male,High School
E1745,47,Other,PhD
E1746,37,Female,Bachelor
E1747,55,Male,Bachelor
E1748,46,Female,High School
E1749,34,Other,High School
E1750,58,Male,Master
E1751,57,Other,Bachelor
E1752,37,Male,Bachelor
E1753,35,Male,High School
E1754,53,Female,Master
E1755,38,Other,High School
E1756,44,Male,PhD
E1757,56,Male,PhD
E1758,44,Male,Master
E1759,53,Male,High School
E1760,43,Female,Master
E1761,59,Male,Bachelor
E1762,57,Other,Master
E1763,45,Male,PhD
E1764,50,Female,High School
E1765,42,Other,Bachelor
E1766,42,Male,High School
E1767,50,Male,Master
E1768,36,Other,PhD
E1769,30,Female,Bachelor
E1770,28,Male,Master
E1771,38,Male,Bachelor
E1772,39,Other,Bachelor
E1773,42,Male,Bachelor
E1774,26,Other,PhD
E1775,42,Other,High School
E1776,51,Female,PhD
E1777,54,Other,Master
E1778,50,Other,Master
E1779,41,Other,High School
E1780,40,Male,Bachelor
E1781,50,Other,PhD
E1782,31,Other,Master
E1783,54,Other,PhD
E1784,51,Other,Master
E1785,22,Female,Master
E1786,51,Other,High School
E1787,48,Female,Bachelor
E1788,49,Male,PhD
E1789,34,Female,Master
E1790,44,Other,PhD
E1791,23,Male,Master
E1792,36,Male,High School
E1793,35,Female,Bachelor
E1794,33,Female,PhD
E1795,45,Female,PhD
E1796,35,Female,Master
E1797,36,Other,Bachelor
E1798,46,Male,High School
E1799,51,Male,PhD
E1800,37,Male,Bachelor
E1801,41,Male,PhD
E1802,59,Male,Bachelor
E1803,56,Other,Master
E1804,59,Other,Master
E1805,24,Other,Master
E1806,33,Female,PhD
E1807,42,Male,PhD
E1808,26,Female,Master
E1809,31,Female,PhD
E1810,55,Other,Master
E1811,41,Male,Bachelor
E1812,23,Male,Bachelor
E1813,59,Female,High School
E1814,25,Female,PhD
E1815,50,Other,PhD
E1816,37,Male,Bachelor
E1817,48,Male,High School
E1818,44,Female,Master
E1819,34,Female,Master
E1820,35,Other,Master
E1821,54,Male,High School
E1822,40,Male,Bachelor
E1823,40,Male,Bachelor
E1824,29,Other,Bachelor
E1825,41,Other,High School
E1826,43,Other,Bachelor
E1827,30,Male,Master
E1828,30,Female,Bachelor
E1829,47,Other,High School
E1830,42,Male,PhD
E1831,59,Male,Master
E1832,39,Female,High School
E1833,41,Female,High School
E1834,40,Other,Master
E1835,33,Female,Bachelor
E1836,56,Female,Bachelor
E1837,36,Other,Master
E1838,59,Female,Master
E1839,27,Male,Bachelor
E1840,38,Female,Master
E1841,51,Male,Bachelor
E1842,23,Male,PhD
E1843,22,Female,PhD
E1844,35,Male,Master
E1845,49,Other,Master
E1846,47,Male,High School
E1847,36,Other,High School
E1848,48,Male,High School
E1849,37,Other,PhD
E1850,46,Other,High School
E1851,28,Male,PhD
E1852,45,Other,Bachelor
E1853,35,Other,Bachelor
E1854,30,Male,High School
E1855,49,Male,Bachelor
E1856,34,Other,Master
E1857,39,Female,PhD
E1858,33,Female,Bachelor
E1859,24,Male,PhD
E1860,55,Other,High School
E1861,59,Other,Bachelor
E1862,46,Other,Master
E1863,41,Other,High School
E1864,54,Female,Master
E1865,46,Female,High School
E1866,38,Other,Bachelor
E1867,40,Female,PhD
E1868,31,Male,Bachelor
E1869,42,Other,Master
E1870,40,Other,High School
E1871,23,Male,Bachelor
E1872,33,Female,Master
E1873,34,Other,High School
E1874,32,Female,Master
E1875,42,Other,PhD
E1876,22,Female,PhD
E1877,26,Other,Master
E1878,31,Female,Bachelor
E1879,23,Female,Bachelor
E1880,58,Male,Bachelor
E1881,55,Male,High School
E1882,59,Female,PhD
E1883,42,Female,PhD
E1884,35,Female,PhD
E1885,26,Male,Master
E1886,35,Male,Bachelor
E1887,50,Female,Master
E1888,55,Female,Bachelor
E1889,39,Female,PhD
E1890,38,Female,Bachelor
E1891,56,Other,High School
E1892,37,Female,Master
E1893,23,Other,Bachelor
E1894,45,Other,Master
E1895,40,Other,Master
E1896,26,Female,Master
E1897,32,Other,Master
E1898,39,Female,Master
E1899,51,Female,High School
E1900,56,Other,High School
E1901,24,Female,High School
E1902,57,Male,Bachelor
E1903,23,Male,High School
E1904,32,Other,Bachelor
E1905,49,Male,Bachelor
E1906,23,Other,High School
E1907,51,Male,Master
E1908,40,Other,High School
E1909,57,Female,PhD
E1910,51,Female,Master
E1911,26,Male,Bachelor
E1912,53,Male,High School
E1913,49,Female,PhD
E1914,44,Female,High School
E1915,50,Male,Master
E1916,53,Female,PhD
E1917,24,Other,Master
E1918,28,Male,Master
E1919,33,Male,Master
E1920,59,Other,Master
E1921,58,Male,Bachelor
E1922,50,Male,Bachelor
E1923,44,Female,High School
E1924,36,Other,PhD
E1925,48,Female,Master
E1926,36,Female,High School
E1927,56,Other,Master
E1928,24,Other,High School
E1929,33,Female,Bachelor
E1930,29,Female,Bachelor
E1931,52,Female,Master
E1932,54,Other,Master
E1933,34,Male,PhD
E1934,42,Male,PhD
E1935,27,Female,Bachelor
E1936,55,Male,High School
E1937,23,Female,Master
E1938,49,Male,Bachelor
E1939,43,Male,High School
E1940,53,Male,Master
E1941,44,Other,PhD
E1942,38,Female,Master
E1943,45,Female,Bachelor
E1944,37,Female,Master
E1945,47,Other,Master
E1946,25,Female,High School
E1947,32,Other,PhD
E1948,51,Female,PhD
E1949,33,Male,Master
E1950,38,Male,Master
E1951,47,Male,Master
E1952,59,Male,PhD
E1953,50,Female,PhD
E1954,39,Male,Bachelor
E1955,48,Other,Bachelor
E1956,59,Male,High School
E1957,51,Female,High School
E1958,51,Other,Master
E1959,48,Female,Master
E1960,37,Male,Bachelor
E1961,56,Other,Bachelor
E1962,41,Other,Master
E1963,36,Female,Bachelor
E1964,34,Male,Bachelor
E1965,25,Female,PhD
E1966,42,Male,PhD
E1967,36,Other,PhD
E1968,58,Male,PhD
E1969,35,Other,High School
E1970,47,Female,High School
E1971,31,Male,PhD
E1972,48,Other,Bachelor
E1973,25,Female,Master
E1974,52,Female,PhD
E1975,59,Female,Master
E1976,37,Male,PhD
E1977,35,Male,High School
E1978,38,Other,High School
E1979,57,Male,Master
E1980,43,Male,Bachelor
E1981,29,Other,High School
E1982,30,Female,Bachelor
E1983,22,Female,PhD
E1984,33,Other,Master
E1985,27,Female,Bachelor
E1986,58,Female,PhD
E1987,46,Other,Bachelor
E1988,58,Male,Bachelor
E1989,45,Other,High School
E1990,50,Male,PhD
E1991,25,Female,High School
E1992,49,Male,Bachelor
E1993,31,Male,Bachelor
E1994,34,Other,Bachelor
E1995,38,Male,Master
E1996,55,Other,PhD
E1997,31,Male,PhD
E1998,43,Female,Bachelor
E1999,43,Female,Bachelor
E2000,23,Other,Master
